Genome,sampleId,sampleName,AssemblyAccession,AssemblyName,SpeciesName,taxonomy_check_status,strain,virulence,virulence_pcr,geo_loc_country,host,isolation_source,collection_year,collected_by,env_broad_scale,type_material,source,representative_status,sample_type
1,GCF_024506455.1_ASM2450645v1,GCF_024506455.1,GCF_024506455.1,ASM2450645v1,Pectobacterium carotovorum,OK,21TX0081,NA,NA,United States,NA,Onion,2021,Manzeal Khanal,NA,NA,NCBI,NA,NA
2,GCF_024498875.1_ASM2449887v1,GCF_024498875.1,GCF_024498875.1,ASM2449887v1,Pectobacterium aroidearum,corrected,QJ002,NA,NA,China,Amorphophallus konjac,NA,2020,NA,NA,NA,NCBI,NA,pure culture
3,GCF_024498855.1_ASM2449885v1,GCF_024498855.1,GCF_024498855.1,ASM2449885v1,Pectobacterium aroidearum,corrected,QJ003,NA,NA,China,Amorphophallus konjac,NA,2020,NA,NA,NA,NCBI,NA,pure culture
4,GCF_024498835.1_ASM2449883v1,GCF_024498835.1,GCF_024498835.1,ASM2449883v1,Pectobacterium aroidearum,corrected,QJ011,NA,NA,China,Amorphophallus konjac,NA,2020,NA,NA,NA,NCBI,NA,pure culture
5,GCF_024498815.1_ASM2449881v1,GCF_024498815.1,GCF_024498815.1,ASM2449881v1,Pectobacterium aroidearum,corrected,QJ034,NA,NA,China,Amorphophallus konjac,NA,2019,NA,NA,NA,NCBI,NA,pure culture
6,GCF_024498775.1_ASM2449877v1,GCF_024498775.1,GCF_024498775.1,ASM2449877v1,Pectobacterium aroidearum,corrected,QJ311,NA,NA,China,Amorphophallus konjac,NA,2019,NA,NA,NA,NCBI,NA,pure culture
7,GCF_024498755.1_ASM2449875v1,GCF_024498755.1,GCF_024498755.1,ASM2449875v1,Pectobacterium aroidearum,corrected,QJ313,NA,NA,China,Amorphophallus konjac,NA,2019,NA,NA,NA,NCBI,NA,pure culture
8,GCF_024498735.1_ASM2449873v1,GCF_024498735.1,GCF_024498735.1,ASM2449873v1,Pectobacterium aroidearum,corrected,QJ315,NA,NA,China,Amorphophallus konjac,NA,2019,NA,NA,NA,NCBI,NA,pure culture
9,GCF_024498715.1_ASM2449871v1,GCF_024498715.1,GCF_024498715.1,ASM2449871v1,Pectobacterium aroidearum,corrected,AK042,NA,NA,China,Amorphophallus konjac,NA,2019,NA,NA,NA,NCBI,NA,pure culture
10,GCF_024498675.1_ASM2449867v1,GCF_024498675.1,GCF_024498675.1,ASM2449867v1,Pectobacterium aroidearum,corrected,AK049,NA,NA,China,Amorphophallus konjac,NA,2019,NA,NA,NA,NCBI,NA,pure culture
11,GCA_024343715.1_ASM2434371v1,GCA_024343715.1,GCA_024343715.1,ASM2434371v1,Pectobacterium carotovorum,OK,MAFF 301875,NA,NA,Japan,Brassica rapa subsp. oleifera,NA,1971,NA,cropland biome,NA,NCBI,NA,NA
12,GCA_024343685.1_ASM2434368v1,GCA_024343685.1,GCA_024343685.1,ASM2434368v1,Pectobacterium versatile,renamed,MAFF 730217,NA,NA,Japan,Brassica oleracea,NA,1979,NA,cropland biome,NA,NCBI,NA,NA
13,GCA_024343655.1_ASM2434365v1,GCA_024343655.1,GCA_024343655.1,ASM2434365v1,Pectobacterium brasiliense,renamed,MAFF 331060,NA,NA,Japan,Capsicum annuum,NA,2012,NA,cropland biome,NA,NCBI,NA,NA
14,GCA_024343625.1_ASM2434362v1,GCA_024343625.1,GCA_024343625.1,ASM2434362v1,Pectobacterium polonicum,renamed,MAFF 311524,NA,NA,Japan,Solanum tuberosum,NA,2004,NA,cropland biome,NA,NCBI,NA,NA
15,GCA_024343595.1_ASM2434359v1,GCA_024343595.1,GCA_024343595.1,ASM2434359v1,Pectobacterium carotovorum,Inconclusive,MAFF 302107,NA,NA,Japan,Aralia elata,NA,1988,NA,cropland biome,NA,NCBI,NA,NA
16,GCA_024343495.1_ASM2434349v1,GCA_024343495.1,GCA_024343495.1,ASM2434349v1,Pectobacterium carotovorum,OK,NBRC12380,NA,NA,NA,NA,NA,NA,NA,NA,NA,NCBI,NA,culture collection
17,GCA_024343475.1_ASM2434347v1,GCA_024343475.1,GCA_024343475.1,ASM2434347v1,Pectobacterium odoriferum,renamed,NBRC3830,NA,NA,NA,NA,NA,NA,NA,NA,NA,NCBI,NA,culture collection
18,GCA_024343445.1_ASM2434344v1,GCA_024343445.1,GCA_024343445.1,ASM2434344v1,Pectobacterium versatile,renamed,NBRC3380,NA,NA,NA,NA,soft rot of carrot,NA,NA,NA,NA,NCBI,NA,culture collection
19,GCA_024343355.1_ASM2434335v1,GCA_024343355.1,GCA_024343355.1,ASM2434335v1,Pectobacterium parvum,renamed,MAFF 301879,NA,NA,Japan,Brassica rapa subsp. oleifera,NA,1971,NA,cropland biome,NA,NCBI,NA,NA
20,GCA_024343335.1_ASM2434333v1,GCA_024343335.1,GCA_024343335.1,ASM2434333v1,Pectobacterium actinidiae,renamed,MAFF 301937,NA,NA,Japan,Morus bombycis,NA,1974,NA,cropland biome,NA,NCBI,NA,NA
21,GCA_024343295.1_ASM2434329v1,GCA_024343295.1,GCA_024343295.1,ASM2434329v1,Pectobacterium punjabense,renamed,MAFF 301899,NA,NA,Japan,Lactuca sativa,NA,1971,NA,cropland biome,NA,NCBI,NA,NA
22,GCA_024343235.1_ASM2434323v1,GCA_024343235.1,GCA_024343235.1,ASM2434323v1,Pectobacterium carotovorum,OK,MAFF 301889,NA,NA,Japan,Raphanus sativus,NA,1971,NA,cropland biome,NA,NCBI,NA,NA
23,GCA_024343135.1_ASM2434313v1,GCA_024343135.1,GCA_024343135.1,ASM2434313v1,Pectobacterium odoriferum,renamed,MAFF 301877,NA,NA,Japan,Brassica rapa subsp. oleifera,NA,1971,NA,cropland biome,NA,NCBI,NA,NA
24,GCA_024343095.1_ASM2434309v1,GCA_024343095.1,GCA_024343095.1,ASM2434309v1,Pectobacterium brasiliense,renamed,MAFF 301653,NA,NA,Japan,Solanum melongena,NA,1979,NA,cropland biome,NA,NCBI,NA,NA
25,GCA_024343035.1_ASM2434303v1,GCA_024343035.1,GCA_024343035.1,ASM2434303v1,Pectobacterium aroidearum,renamed,MAFF 301645,NA,NA,Japan,Amorphophallus konjac,NA,1979,NA,cropland biome,NA,NCBI,NA,NA
26,GCA_024342945.1_ASM2434294v1,GCA_024342945.1,GCA_024342945.1,ASM2434294v1,Pectobacterium carotovorum,OK,MAFF 301619,NA,NA,Japan,Solanum tuberosum,NA,NA,NA,cropland biome,NA,NCBI,NA,NA
27,GCA_024342865.1_ASM2434286v1,GCA_024342865.1,GCA_024342865.1,ASM2434286v1,Pectobacterium atrosepticum,renamed,MAFF 301296,NA,NA,Japan,Solanum tuberosum,NA,NA,NA,cropland biome,NA,NCBI,NA,NA
28,GCA_024342805.1_ASM2434280v1,GCA_024342805.1,GCA_024342805.1,ASM2434280v1,Pectobacterium versatile,renamed,MAFF 106664,NA,NA,Japan,Brassica rapa,NA,2000,NA,cropland biome,NA,NCBI,NA,NA
29,GCA_024342785.1_ASM2434278v1,GCA_024342785.1,GCA_024342785.1,ASM2434278v1,Pectobacterium brasiliense,renamed,MAFF 106568,NA,NA,Japan,Cucumis sativus,NA,1985,NA,cropland biome,NA,NCBI,NA,NA
30,GCF_023914135.1_ASM2391413v1,GCF_023914135.1,GCF_023914135.1,ASM2391413v1,Pectobacterium versatile,OK,22TC1,NA,NA,China,Nicotiana tabacum,NA,2022,NA,plateau,NA,NCBI,NA,NA
31,GCF_014946825.2_ASM1494682v2,GCF_014946825.2,GCF_014946825.2,ASM1494682v2,Pectobacterium quasiaquaticum,OK,A398-S21-F17,NA,NA,France,NA,fresh water,2017,NA,ENVO:00000873,NA,NCBI,NA,NA
32,GCF_014946775.2_ASM1494677v2,GCF_014946775.2,GCF_014946775.2,ASM1494677v2,Pectobacterium quasiaquaticum,OK,A477-S1-J17,NA,NA,France,NA,fresh water,2017,NA,ENVO:00000873,type strain,NCBI,NA,NA
33,GCF_023508155.1_ASM2350815v1,GCF_023508155.1,GCF_023508155.1,ASM2350815v1,Pectobacterium versatile,renamed,Ec-007,NA,NA,New Zealand,Solanum tuberosum,NA,2005,NA,agricultural field,NA,NCBI,NA,NA
34,GCF_023508145.1_ASM2350814v1,GCF_023508145.1,GCF_023508145.1,ASM2350814v1,Pectobacterium versatile,renamed,Ec-006,NA,NA,New Zealand,Solanum tuberosum,NA,2005,NA,agricultural field,NA,NCBI,NA,NA
35,GCF_023508125.1_ASM2350812v1,GCF_023508125.1,GCF_023508125.1,ASM2350812v1,Pectobacterium parmentieri,OK,Ec-009,NA,NA,New Zealand,Solanum tuberosum,NA,2005,NA,agricultural field,NA,NCBI,NA,NA
36,GCF_023508105.1_ASM2350810v1,GCF_023508105.1,GCF_023508105.1,ASM2350810v1,Pectobacterium versatile,renamed,Ec-008,NA,NA,New Zealand,Solanum tuberosum,NA,2005,NA,agricultural field,NA,NCBI,NA,NA
37,GCF_023508055.1_ASM2350805v1,GCF_023508055.1,GCF_023508055.1,ASM2350805v1,Pectobacterium versatile,renamed,Ec-110,NA,NA,New Zealand,Solanum tuberosum,NA,2005,NA,agricultural field,NA,NCBI,NA,NA
38,GCF_023508065.1_ASM2350806v1,GCF_023508065.1,GCF_023508065.1,ASM2350806v1,Pectobacterium parmentieri,OK,Ec-010,NA,NA,New Zealand,Solanum tuberosum,NA,2005,NA,agricultural field,NA,NCBI,NA,NA
39,GCF_023508045.1_ASM2350804v1,GCF_023508045.1,GCF_023508045.1,ASM2350804v1,Pectobacterium versatile,renamed,Ec-093,NA,NA,New Zealand,Solanum tuberosum,NA,2005,NA,agricultural field,NA,NCBI,NA,NA
40,GCF_023508025.1_ASM2350802v1,GCF_023508025.1,GCF_023508025.1,ASM2350802v1,Pectobacterium polaris,OK,Ec-137,NA,NA,New Zealand,Solanum tuberosum,NA,2005,NA,agricultural field,NA,NCBI,NA,NA
41,GCF_023508005.1_ASM2350800v1,GCF_023508005.1,GCF_023508005.1,ASM2350800v1,Pectobacterium polaris,OK,Ec-140,NA,NA,New Zealand,Solanum tuberosum,NA,2005,NA,agricultural field,NA,NCBI,NA,NA
42,GCF_023507985.1_ASM2350798v1,GCF_023507985.1,GCF_023507985.1,ASM2350798v1,Pectobacterium brasiliense,OK,Ec-153,NA,NA,New Zealand,Solanum tuberosum,NA,2005,NA,agricultural field,NA,NCBI,NA,NA
43,GCF_023507945.1_ASM2350794v1,GCF_023507945.1,GCF_023507945.1,ASM2350794v1,Pectobacterium brasiliense,renamed,Ec-155,NA,NA,New Zealand,Solanum tuberosum,NA,2005,NA,agricultural field,NA,NCBI,NA,NA
44,GCF_023507955.1_ASM2350795v1,GCF_023507955.1,GCF_023507955.1,ASM2350795v1,Pectobacterium polaris,OK,Ec-143,NA,NA,New Zealand,Solanum tuberosum,NA,2005,NA,agricultural field,NA,NCBI,NA,NA
45,GCF_023507925.1_ASM2350792v1,GCF_023507925.1,GCF_023507925.1,ASM2350792v1,Pectobacterium versatile,renamed,Ec-168,NA,NA,New Zealand,Solanum tuberosum,NA,2005,NA,agricultural field,NA,NCBI,NA,NA
46,GCF_023507905.1_ASM2350790v1,GCF_023507905.1,GCF_023507905.1,ASM2350790v1,Pectobacterium polaris,OK,Ec-173,NA,NA,New Zealand,Solanum tuberosum,NA,2005,NA,agricultural field,NA,NCBI,NA,NA
47,GCF_023507885.1_ASM2350788v1,GCF_023507885.1,GCF_023507885.1,ASM2350788v1,Pectobacterium versatile,renamed,Ec-177,NA,NA,New Zealand,Solanum tuberosum,NA,2005,NA,agricultural field,NA,NCBI,NA,NA
48,GCF_023507845.1_ASM2350784v1,GCF_023507845.1,GCF_023507845.1,ASM2350784v1,Pectobacterium versatile,renamed,Ec-180,NA,NA,New Zealand,Solanum tuberosum,NA,2005,NA,agricultural field,NA,NCBI,NA,NA
49,GCF_023507825.1_ASM2350782v1,GCF_023507825.1,GCF_023507825.1,ASM2350782v1,Pectobacterium versatile,renamed,Ec-179,NA,NA,New Zealand,Solanum tuberosum,NA,2005,NA,agricultural field,NA,NCBI,NA,NA
50,GCF_023507805.1_ASM2350780v1,GCF_023507805.1,GCF_023507805.1,ASM2350780v1,Pectobacterium atrosepticum,OK,SCRI1043 DHAI2Dcas,NA,NA,NA,Solanum tuberosum,NA,2018,NA,laboratory strain,NA,NCBI,NA,NA
51,GCF_023507725.1_ASM2350772v1,GCF_023507725.1,GCF_023507725.1,ASM2350772v1,Pectobacterium atrosepticum,OK,SCRI1043 DHAI2,NA,NA,NA,Solanum tuberosum,NA,2018,NA,laboratory strain,NA,NCBI,NA,NA
52,GCF_023272715.1_ASM2327271v1,GCF_023272715.1,GCF_023272715.1,ASM2327271v1,Pectobacterium brasiliense,renamed,21LCBS03,NA,NA,China,Nicotiana tabacum,NA,2021,NA,plateau,NA,NCBI,NA,NA
53,GCF_922035905.1_Pectobacterium_versatile_C11,GCF_922035905.1,GCF_922035905.1,Pectobacterium_versatile_C11,Pectobacterium versatile,OK,NA,NA,NA,France,NA,NA,2015,NA,irrigation canal water,NA,NCBI,NA,NA
54,GCF_022507345.1_ASM2250734v1,GCF_022507345.1,GCF_022507345.1,ASM2250734v1,Pectobacterium aquaticum,OK,A76-S21-O15,NA,NA,France,NA,river,2015,NA,ENVO:00000873,NA,NCBI,NA,NA
55,GCF_022507325.1_ASM2250732v1,GCF_022507325.1,GCF_022507325.1,ASM2250732v1,Pectobacterium atrosepticum,OK,A597-S4-A17,NA,NA,France,NA,river,2017,NA,ENVO:00000873,NA,NCBI,NA,NA
56,GCF_022507285.1_ASM2250728v1,GCF_022507285.1,GCF_022507285.1,ASM2250728v1,Pectobacterium carotovorum,OK,A62-S5-O15,NA,NA,France,NA,river,2015,NA,ENVO:00000873,NA,NCBI,NA,NA
57,GCF_022507295.1_ASM2250729v1,GCF_022507295.1,GCF_022507295.1,ASM2250729v1,Pectobacterium carotovorum,OK,A694-S13-N17,NA,NA,France,NA,river,2017,NA,ENVO:00000873,NA,NCBI,NA,NA
58,GCF_022507245.1_ASM2250724v1,GCF_022507245.1,GCF_022507245.1,ASM2250724v1,Pectobacterium odoriferum,OK,A367-S5-N16,NA,NA,France,NA,river,2016,NA,ENVO:00000873,NA,NCBI,NA,NA
59,GCF_022507255.1_ASM2250725v1,GCF_022507255.1,GCF_022507255.1,ASM2250725v1,Pectobacterium versatile,OK,A165-S18-M16,NA,NA,France,NA,river,2016,NA,ENVO:00000873,NA,NCBI,NA,NA
60,GCF_022507225.1_ASM2250722v1,GCF_022507225.1,GCF_022507225.1,ASM2250722v1,Pectobacterium brasiliense,OK,A79-S20-O15,NA,NA,France,NA,irrigation canal,2015,NA,ENVO:00000873,NA,NCBI,NA,NA
61,GCF_022392805.1_ASM2239280v1,GCF_022392805.1,GCF_022392805.1,ASM2239280v1,Pectobacterium carotovorum,OK,ZM1,NA,NA,Ukraine,NA,Ukraine,2002,NA,NA,NA,NCBI,NA,bacterium
62,GCF_022392325.1_ASM2239232v1,GCF_022392325.1,GCF_022392325.1,ASM2239232v1,Pectobacterium versatile,renamed,RC5297,NA,NA,Ukraine,NA,NA,2002,NA,NA,NA,NCBI,NA,bacterium
63,GCF_022220705.1_ASM2222070v1,GCF_022220705.1,GCF_022220705.1,ASM2222070v1,Pectobacterium brasiliense,OK,130,NA,NA,Belarus,NA,stem of potato with blackleg symptoms,2020,Shao Chengyue and Anatoli Evtushenkov,NA,NA,NCBI,NA,cell culture
64,GCF_022172285.1_ASM2217228v1,GCF_022172285.1,GCF_022172285.1,ASM2217228v1,Pectobacterium brasiliense,OK,BD163,NA,NA,South Africa,Solanum tuberosum,Potatoes,1999,NA,Potato pathogen,NA,NCBI,NA,NA
65,GCF_021432585.1_ASM2143258v1,GCF_021432585.1,GCF_021432585.1,ASM2143258v1,Pectobacterium punjabense,renamed,IFB5596,NA,NA,Poland,NA,potato stem during vegetation period,1996,NA,NA,NA,NCBI,NA,single cell
66,GCF_922011625.1_Pectobacterium_versatile_A56-GEAM-M15,GCF_922011625.1,GCF_922011625.1,Pectobacterium_versatile_A56-GEAM-M15,Pectobacterium versatile,OK,NA,NA,NA,France,NA,NA,2015,NA,fresh river water,NA,NCBI,NA,NA
67,GCF_922013345.1_Pectobacterium_versatile_LMG2424,GCF_922013345.1,GCF_922013345.1,Pectobacterium_versatile_LMG2424,Pectobacterium versatile,OK,NA,NA,NA,Canada,NA,NA,1918,NA,Solanum tuberosum,NA,NCBI,NA,NA
68,GCF_922011735.1_Pectobacterium_versatile_A550-S10-A17,GCF_922011735.1,GCF_922011735.1,Pectobacterium_versatile_A550-S10-A17,Pectobacterium versatile,OK,NA,NA,NA,France,NA,NA,2017,NA,fresh river water,NA,NCBI,NA,NA
69,GCF_922030705.1_Pectobacterium_versatile_LMG2411,GCF_922030705.1,GCF_922030705.1,Pectobacterium_versatile_LMG2411,Pectobacterium versatile,OK,NA,NA,NA,United States,NA,NA,1946,NA,Iris,NA,NCBI,NA,NA
70,GCF_922011655.1_Pectobacterium_versatile_CFBP7359.1,GCF_922011655.1,GCF_922011655.1,Pectobacterium_versatile_CFBP7359.1,Pectobacterium versatile,OK,NA,NA,NA,Syria,NA,NA,2004,NA,Infected potato tissue,NA,NCBI,NA,NA
71,GCF_922013315.1_Pectobacterium_versatile_LMG2412,GCF_922013315.1,GCF_922013315.1,Pectobacterium_versatile_LMG2412,Pectobacterium versatile,OK,NA,NA,NA,United Kingdom,NA,NA,1957,NA,Hyacinthus orientalis,NA,NCBI,NA,NA
72,GCF_922011615.1_Pectobacterium_versatile_A139-S21-M15,GCF_922011615.1,GCF_922011615.1,Pectobacterium_versatile_A139-S21-M15,Pectobacterium versatile,OK,NA,NA,NA,France,NA,NA,2015,NA,fresh river water,NA,NCBI,NA,NA
73,GCF_922022605.1_Pectobacterium_versatile_A619-S1-N17,GCF_922022605.1,GCF_922022605.1,Pectobacterium_versatile_A619-S1-N17,Pectobacterium versatile,OK,NA,NA,NA,France,NA,NA,2017,NA,fresh river water,NA,NCBI,NA,NA
74,GCF_922014665.1_Pectobacterium_brasiliense_LMG2407,GCF_922014665.1,GCF_922014665.1,Pectobacterium_brasiliense_LMG2407,Pectobacterium brasiliense,corrected,NA,NA,NA,Tanzania,NA,NA,1954,NA,Lycopersicon esculentum,NA,NCBI,NA,NA
75,GCF_922013215.1_Pectobacterium_versatile_A222-S6-N16,GCF_922013215.1,GCF_922013215.1,Pectobacterium_versatile_A222-S6-N16,Pectobacterium versatile,OK,NA,NA,NA,France,NA,NA,2016,NA,fresh river water,NA,NCBI,NA,NA
76,GCF_922016725.1_Pectobacterium_versatile_A155-S5-M16,GCF_922016725.1,GCF_922016725.1,Pectobacterium_versatile_A155-S5-M16,Pectobacterium versatile,OK,NA,NA,NA,France,NA,NA,2016,NA,fresh river water,NA,NCBI,NA,NA
77,GCF_922019785.1_Pectobacterium_versatile_A82-S18-O15,GCF_922019785.1,GCF_922019785.1,Pectobacterium_versatile_A82-S18-O15,Pectobacterium versatile,OK,NA,NA,NA,France,NA,NA,2015,NA,fresh river water,NA,NCBI,NA,NA
78,GCF_922031085.1_Pectobacterium_versatile_A197-S18-M16,GCF_922031085.1,GCF_922031085.1,Pectobacterium_versatile_A197-S18-M16,Pectobacterium versatile,OK,NA,NA,NA,France,NA,NA,2016,NA,fresh river water,NA,NCBI,NA,NA
79,GCF_922037565.1_Pectobacterium_polaris_LMG2406,GCF_922037565.1,GCF_922037565.1,Pectobacterium_polaris_LMG2406,Pectobacterium polaris,OK,NA,NA,NA,Tanzania,NA,NA,1954,NA,Schizanthus sp.,NA,NCBI,NA,NA
80,GCF_922021645.1_Pectobacterium_versatile_LMG2413,GCF_922021645.1,GCF_922021645.1,Pectobacterium_versatile_LMG2413,Pectobacterium versatile,OK,NA,NA,NA,United Kingdom,NA,NA,1957,NA,soil,NA,NCBI,NA,NA
81,GCF_922021985.1_Pectobacterium_versatile_A167-S22-M16,GCF_922021985.1,GCF_922021985.1,Pectobacterium_versatile_A167-S22-M16,Pectobacterium versatile,OK,NA,NA,NA,France,NA,NA,2016,NA,fresh river water,NA,NCBI,NA,NA
82,GCF_922011605.1_Pectobacterium_versatile_A792-S21-N17,GCF_922011605.1,GCF_922011605.1,Pectobacterium_versatile_A792-S21-N17,Pectobacterium versatile,OK,NA,NA,NA,France,NA,NA,2017,NA,fresh river water,NA,NCBI,NA,NA
83,GCF_922037575.1_Pectobacterium_versatile_LMG2459,GCF_922037575.1,GCF_922037575.1,Pectobacterium_versatile_LMG2459,Pectobacterium versatile,OK,NA,NA,NA,United States,NA,NA,1935,NA,Consolida ambigua,NA,NCBI,NA,NA
84,GCF_922013185.1_Pectobacterium_versatile_A385-S18-F17,GCF_922013185.1,GCF_922013185.1,Pectobacterium_versatile_A385-S18-F17,Pectobacterium versatile,OK,NA,NA,NA,France,NA,NA,2017,NA,fresh river water,NA,NCBI,NA,NA
85,GCF_922030515.1_Pectobacterium_versatile_A78-S20-O15,GCF_922030515.1,GCF_922030515.1,Pectobacterium_versatile_A78-S20-O15,Pectobacterium versatile,OK,NA,NA,NA,France,NA,NA,2015,NA,fresh river water,NA,NCBI,NA,NA
86,GCF_922011595.1_Pectobacterium_versatile_A80-S18-O15,GCF_922011595.1,GCF_922011595.1,Pectobacterium_versatile_A80-S18-O15,Pectobacterium versatile,OK,NA,NA,NA,France,NA,NA,2015,NA,fresh river water,NA,NCBI,NA,NA
87,GCF_922016765.1_Pectobacterium_versatile_A482-MFV-J17,GCF_922016765.1,GCF_922016765.1,Pectobacterium_versatile_A482-MFV-J17,Pectobacterium versatile,OK,NA,NA,NA,France,NA,NA,2017,NA,fresh river water,NA,NCBI,NA,NA
88,GCF_922022005.1_Pectobacterium_versatile_A102-S1-F16,GCF_922022005.1,GCF_922022005.1,Pectobacterium_versatile_A102-S1-F16,Pectobacterium versatile,OK,NA,NA,NA,France,NA,NA,2016,NA,fresh river water,NA,NCBI,NA,NA
89,GCF_922015415.1_Pectobacterium_versatile_A59-S3-O15,GCF_922015415.1,GCF_922015415.1,Pectobacterium_versatile_A59-S3-O15,Pectobacterium versatile,OK,NA,NA,NA,France,NA,NA,2015,NA,fresh river water,NA,NCBI,NA,NA
90,GCF_922022125.1_Pectobacterium_versatile_A18-GEAV-M15,GCF_922022125.1,GCF_922022125.1,Pectobacterium_versatile_A18-GEAV-M15,Pectobacterium versatile,OK,NA,NA,NA,France,NA,NA,2015,NA,fresh river water,NA,NCBI,NA,NA
91,GCF_922021695.1_Pectobacterium_versatile_A96-S13-F16,GCF_922021695.1,GCF_922021695.1,Pectobacterium_versatile_A96-S13-F16,Pectobacterium versatile,OK,NA,NA,NA,France,NA,NA,2016,NA,fresh river water,NA,NCBI,NA,NA
92,GCF_021375765.1_ASM2137576v1,GCF_021375765.1,GCF_021375765.1,ASM2137576v1,Pectobacterium punjabense,OK,IPO3715,NA,NA,Netherlands,Solanum tuberosum,NA,2014,NA,NA,NA,NCBI,NA,Tissue sample
93,GCF_021049225.1_ASM2104922v1,GCF_021049225.1,GCF_021049225.1,ASM2104922v1,Pectobacterium carotovorum,OK,25.1,NA,NA,Belarus,NA,cucumber,2009,V.E. Miamin,NA,NA,NCBI,NA,cell culture
94,GCF_020971565.1_ASM2097156v1,GCF_020971565.1,GCF_020971565.1,ASM2097156v1,Pectobacterium parvum,OK,FN20211,NA,NA,China,Solanum tuberosum,NA,2020,NA,field,NA,NCBI,representative genome,NA
95,GCF_020865565.1_ASM2086556v1,GCF_020865565.1,GCF_020865565.1,ASM2086556v1,Pectobacterium versatile,OK,A73-S18-O15,NA,NA,France,NA,NA,2015,NA,fresh water,NA,NCBI,NA,NA
96,GCF_003382565.3_ASM338256v3,GCF_003382565.3,GCF_003382565.3,ASM338256v3,Pectobacterium aquaticum,OK,A212-S19-A16,NA,NA,France,NA,fresh water,2016,Marie-Anne Barny,fresh water,type strain,NCBI,representative genome,single cell
97,GCF_020683105.1_ASM2068310v1,GCF_020683105.1,GCF_020683105.1,ASM2068310v1,Pectobacterium brasiliense,OK,TS20HJ1,NA,NA,China,Zingiber officinale,NA,2020,NA,field,NA,NCBI,NA,NA
98,GCF_020520265.1_ASM2052026v1,GCF_020520265.1,GCF_020520265.1,ASM2052026v1,Pectobacterium carotovorum,OK,A077-S18-O15,NA,NA,France,NA,fresh river water,2015,NA,fresh river water,NA,NCBI,NA,NA
99,GCF_020423105.1_ASM2042310v1,GCF_020423105.1,GCF_020423105.1,ASM2042310v1,Pectobacterium brasiliense,OK,SR10,NA,NA,United States,NA,squash,2019,Chloe Wasendorf,NA,NA,NCBI,NA,Whole organism
100,GCF_020423085.1_ASM2042308v1,GCF_020423085.1,GCF_020423085.1,ASM2042308v1,Pectobacterium versatile,OK,SR1,NA,NA,United States,NA,carrot,2019,Chloe Wasendorf,NA,NA,NCBI,NA,Whole organism
101,GCF_020423065.1_ASM2042306v1,GCF_020423065.1,GCF_020423065.1,ASM2042306v1,Pectobacterium versatile,OK,SR12,NA,NA,United States,NA,Coleslaw,2019,Chloe Wasendorf,NA,NA,NCBI,NA,Whole organism
102,GCF_020406875.1_ASM2040687v1,GCF_020406875.1,GCF_020406875.1,ASM2040687v1,Pectobacterium carotovorum,OK,A284-S2-N16,NA,NA,France,NA,fresh river water,2016,NA,fresh river water,NA,NCBI,NA,NA
103,GCF_020406835.1_ASM2040683v1,GCF_020406835.1,GCF_020406835.1,ASM2040683v1,Pectobacterium polaris,OK,A641-S6-A17,NA,NA,France,NA,fresh river water,2017,NA,fresh river water,NA,NCBI,NA,NA
104,GCF_020406785.1_ASM2040678v1,GCF_020406785.1,GCF_020406785.1,ASM2040678v1,Pectobacterium versatile,OK,A095-S3-F16,NA,NA,France,NA,fresh river water,2016,NA,fresh river water,NA,NCBI,NA,NA
105,GCF_020406695.1_ASM2040669v1,GCF_020406695.1,GCF_020406695.1,ASM2040669v1,Pectobacterium polaris,OK,A668-S6-A17,NA,NA,France,NA,fresh river water,2017,NA,fresh river water,NA,NCBI,NA,NA
106,GCF_020406635.1_ASM2040663v1,GCF_020406635.1,GCF_020406635.1,ASM2040663v1,Pectobacterium carotovorum,OK,A280-S2-N16,NA,NA,France,NA,fresh river water,2016,NA,fresh river water,NA,NCBI,NA,NA
107,GCF_020406615.1_ASM2040661v1,GCF_020406615.1,GCF_020406615.1,ASM2040661v1,Pectobacterium versatile,OK,A546-S4-A17,NA,NA,France,NA,fresh river water,2017,NA,fresh river water,NA,NCBI,NA,NA
108,GCF_020297385.1_ASM2029738v1,GCF_020297385.1,GCF_020297385.1,ASM2029738v1,Pectobacterium brasiliense,OK,SR7,NA,NA,United States,NA,Pumpkin,2019,Chloe Wasendorf,NA,NA,NCBI,NA,Whole organism
109,GCF_020296625.1_ASM2029662v1,GCF_020296625.1,GCF_020296625.1,ASM2029662v1,Pectobacterium brasiliense,OK,SR6,NA,NA,United States,NA,squash,2019,Chloe Wasendorf,NA,NA,NCBI,NA,Whole organism
110,GCF_020295645.1_ASM2029564v1,GCF_020295645.1,GCF_020295645.1,ASM2029564v1,Pectobacterium versatile,OK,SR2,NA,NA,United States,NA,carrot,2019,Chloe Wasendorf,NA,NA,NCBI,NA,Whole organism
111,GCF_020295605.1_ASM2029560v1,GCF_020295605.1,GCF_020295605.1,ASM2029560v1,Pectobacterium brasiliense,OK,SR5,NA,NA,United States,NA,pepper,2019,Chloe Wasendorf,NA,NA,NCBI,NA,Whole organism
112,GCF_020295565.1_ASM2029556v1,GCF_020295565.1,GCF_020295565.1,ASM2029556v1,Pectobacterium versatile,OK,SR3,NA,NA,United States,NA,carrot,2019,Chloe Wasendorf,NA,NA,NCBI,NA,Whole organism
113,GCF_020295515.1_ASM2029551v1,GCF_020295515.1,GCF_020295515.1,ASM2029551v1,Pectobacterium versatile,OK,SR4,NA,NA,United States,NA,potato,2019,Chloe Wasendorf,NA,NA,NCBI,NA,Whole organism
114,GCF_020295505.1_ASM2029550v1,GCF_020295505.1,GCF_020295505.1,ASM2029550v1,Pectobacterium brasiliense,OK,SR8,NA,NA,United States,NA,squash,2019,Chloe Wasendorf,NA,NA,NCBI,NA,Whole organism
115,GCF_020295425.1_ASM2029542v1,GCF_020295425.1,GCF_020295425.1,ASM2029542v1,Pectobacterium brasiliense,OK,SR11,NA,NA,United States,NA,Pumpkin,2019,Chloe Wasendorf,NA,NA,NCBI,NA,Whole organism
116,GCF_020181655.1_ASM2018165v1,GCF_020181655.1,GCF_020181655.1,ASM2018165v1,Pectobacterium colocasium,OK,LJ1,NA,NA,China,potato,NA,2019,NA,NA,type strain,NCBI,NA,cell culture
117,GCF_020181375.1_ASM2018137v1,GCF_020181375.1,GCF_020181375.1,ASM2018137v1,Pectobacterium aroidearum,corrected,LJ2,NA,NA,China,potato,NA,2019,NA,NA,NA,NCBI,NA,cell culture
118,GCF_020166465.1_ASM2016646v1,GCF_020166465.1,GCF_020166465.1,ASM2016646v1,Pectobacterium versatile,corrected,KC02,NA,NA,China,Chinese cabbage,NA,2015,NA,NA,NA,NCBI,NA,tissue sample
119,GCF_020166455.1_ASM2016645v1,GCF_020166455.1,GCF_020166455.1,ASM2016645v1,Pectobacterium versatile,corrected,KC03,NA,NA,China,Chinese cabbage,NA,2015,NA,NA,NA,NCBI,NA,tissue sample
120,GCF_020166435.1_ASM2016643v1,GCF_020166435.1,GCF_020166435.1,ASM2016643v1,Pectobacterium versatile,corrected,KC01,NA,NA,China,Chinese cabbage,NA,2015,NA,NA,NA,NCBI,NA,tissue sample
121,GCF_020047135.1_ASM2004713v1,GCF_020047135.1,GCF_020047135.1,ASM2004713v1,Pectobacterium polaris,OK,QK413-1,NA,NA,China,Solanum tuberosum L.,NA,2018,Huawei Li,NA,NA,NCBI,NA,pure culture
122,GCF_019426305.1_ASM1942630v1,GCF_019426305.1,GCF_019426305.1,ASM1942630v1,Pectobacterium polaris,OK,A3,NA,NA,Mexico,Cephalocereus tetetzo,NA,2017,NA,NA,NA,NCBI,NA,Bacteria isolated in culture media
123,GCF_018728555.1_ASM1872855v1,GCF_018728555.1,GCF_018728555.1,ASM1872855v1,Pectobacterium punjabense,OK,RNS08-28,NA,NA,France,Solanum tuberosum,NA,2008,Angelique Laurent,NA,NA,NCBI,NA,Tissue sample
124,GCF_018634035.1_ASM1863403v1,GCF_018634035.1,GCF_018634035.1,ASM1863403v1,Pectobacterium atrosepticum,OK,Green1,NA,NA,Greenland,Solanum tuberosum,agriculture field in Greenland,2019,NA,NA,NA,NCBI,NA,cell culture
125,GCF_018344415.1_ASM1834441v1,GCF_018344415.1,GCF_018344415.1,ASM1834441v1,Pectobacterium punjabense,OK,P9A19a,NA,NA,France,Solanum tuberosum,NA,2015,Pauline Dewaegeneire,NA,NA,NCBI,NA,Tissue sample
126,GCF_018219365.1_ASM1821936v1,GCF_018219365.1,GCF_018219365.1,ASM1821936v1,Pectobacterium versatile,OK,DSM 30169,NA,NA,Germany,Brassica oleracea var. capitate (cabbage),soft rot,2010,NA,NA,NA,NCBI,NA,cell
127,GCF_018095765.1_ASM1809576v1,GCF_018095765.1,GCF_018095765.1,ASM1809576v1,Pectobacterium versatile,OK,NY1753B,NA,NA,United States,potato,NA,2017,NA,NA,NA,NCBI,NA,Tissue
128,GCF_018095745.1_ASM1809574v1,GCF_018095745.1,GCF_018095745.1,ASM1809574v1,Pectobacterium versatile,OK,NY1715C,NA,NA,United States,potato,NA,2017,NA,NA,NA,NCBI,NA,Tissue
129,GCF_018095725.1_ASM1809572v1,GCF_018095725.1,GCF_018095725.1,ASM1809572v1,Pectobacterium versatile,OK,NY1705A,NA,NA,United States,potato,NA,2017,NA,NA,NA,NCBI,NA,Tissue
130,GCF_018094745.1_ASM1809474v1,GCF_018094745.1,GCF_018094745.1,ASM1809474v1,Pectobacterium versatile,OK,NY1762B,NA,NA,United States,potato,NA,2017,NA,NA,NA,NCBI,NA,Tissue
131,GCF_018094705.1_ASM1809470v1,GCF_018094705.1,GCF_018094705.1,ASM1809470v1,Pectobacterium versatile,OK,NY1766A,NA,NA,United States,potato,NA,2017,NA,NA,NA,NCBI,NA,Tissue
132,GCF_018094685.1_ASM1809468v1,GCF_018094685.1,GCF_018094685.1,ASM1809468v1,Pectobacterium versatile,OK,NY1765A,NA,NA,United States,potato,NA,2017,NA,NA,NA,NCBI,NA,Tissue
133,GCF_018094665.1_ASM1809466v1,GCF_018094665.1,GCF_018094665.1,ASM1809466v1,Pectobacterium versatile,OK,NY1788A,NA,NA,United States,potato,NA,2017,NA,NA,NA,NCBI,NA,Tissue
134,GCF_017255075.1_ASM1725507v1,GCF_017255075.1,GCF_017255075.1,ASM1725507v1,Pectobacterium brasiliense,OK,BL-2,NA,NA,China,potato,NA,2018,NA,cool,NA,NCBI,NA,NA
135,GCF_015689195.1_ASM1568919v1,GCF_015689195.1,GCF_015689195.1,ASM1568919v1,Pectobacterium aroidearum,corrected,L6,NA,NA,China,Syngonium podophyllum,leaf,2019,Peidong Xu and Huanwei Wang and Chunxiu Qin and Zengping Li and Chunhua Lin and Wenbo Liu,NA,NA,NCBI,representative genome,NA
136,GCF_016988595.1_ASM1698859v1,GCF_016988595.1,GCF_016988595.1,ASM1698859v1,Pectobacterium brasiliense,OK,IPO:3649 NAK:55,avirulent,negative,Netherlands,Solanum tuberosum,Asymptomatic Potato Heel end,2013,Robert Vreeburg,NA,NA,NCBI,NA,cell culture
137,GCF_016950315.1_ASM1695031v1,GCF_016950315.1,GCF_016950315.1,ASM1695031v1,Pectobacterium brasiliense,corrected,IPO:0590,NA,NA,Peru,Solanum tuberosum,NA,1979,NA,NA,NA,NCBI,NA,cell culture
138,GCF_016950285.1_ASM1695028v1,GCF_016950285.1,GCF_016950285.1,ASM1695028v1,Pectobacterium brasiliense,OK,IPO:0821 SCRI:133,NA,NA,Israel,Solanum tuberosum,NA,1986,NA,NA,NA,NCBI,NA,cell culture
139,GCF_016950275.1_ASM1695027v1,GCF_016950275.1,GCF_016950275.1,ASM1695027v1,Pectobacterium parmentieri,OK,IPO:1955,avirulent,NA,Netherlands,Solanum tuberosum,potato,2002,NA,NA,NA,NCBI,NA,cell culture
140,GCF_016950225.1_ASM1695022v1,GCF_016950225.1,GCF_016950225.1,ASM1695022v1,Pectobacterium brasiliense,OK,IPO:3643,NA,NA,NA,Solanum tuberosum,NA,NA,NA,NA,NA,NCBI,NA,cell culture
141,GCF_016950195.1_ASM1695019v1,GCF_016950195.1,GCF_016950195.1,ASM1695019v1,Pectobacterium brasiliense,OK,IPO:3628,NA,NA,South Africa,Solanum tuberosum,NA,NA,NA,NA,NA,NCBI,NA,cell culture
142,GCF_016950175.1_ASM1695017v1,GCF_016950175.1,GCF_016950175.1,ASM1695017v1,Pectobacterium brasiliense,OK,IPO:3630,NA,NA,South Africa,Solanum tuberosum,NA,NA,NA,NA,NA,NCBI,NA,cell culture
143,GCF_016950155.1_ASM1695015v1,GCF_016950155.1,GCF_016950155.1,ASM1695015v1,Pectobacterium punjabense,OK,IPO:3715 SV1490b,avirulent,NA,Netherlands,Solanum tuberosum cv Smits Comet,Symptomatic Potato Stem,2013,Robert Vreeburg,NA,NA,NCBI,NA,cell culture
144,GCF_016950125.1_ASM1695012v1,GCF_016950125.1,GCF_016950125.1,ASM1695012v1,Pectobacterium brasiliense,OK,IPO:3843 JGAR:11,NA,NA,Netherlands,Solanum tuberosum,NA,2013,NA,NA,NA,NCBI,NA,cell culture
145,GCF_016950085.1_ASM1695008v1,GCF_016950085.1,GCF_016950085.1,ASM1695008v1,Pectobacterium brasiliense,OK,IPO:4064 NAK:242,avirulent,negative,Netherlands,Solanum tuberosum,Asymptomatic Potato Heel end,2016,Robert Vreeburg,NA,NA,NCBI,NA,cell culture
146,GCF_016950075.1_ASM1695007v1,GCF_016950075.1,GCF_016950075.1,ASM1695007v1,Pectobacterium brasiliense,OK,IPO:3844 NAK:382 JGAR:12,avirulent,negative,Netherlands,Solanum tuberosum,potato,2009,Robert Vreeburg,NA,NA,NCBI,NA,cell culture
147,GCF_016950015.1_ASM1695001v1,GCF_016950015.1,GCF_016950015.1,ASM1695001v1,Pectobacterium brasiliense,OK,IPO:4067 NAK:257,avirulent,negative,Netherlands,Solanum tuberosum,Asymptomatic Potato Heel end,2016,Robert Vreeburg,NA,NA,NCBI,NA,cell culture
148,GCF_016949995.1_ASM1694999v1,GCF_016949995.1,GCF_016949995.1,ASM1694999v1,Pectobacterium brasiliense,OK,IPO:4055 NAK:152 GBBC:1819,NA,NA,NA,Solanum tuberosum,NA,NA,Robert Vreeburg,NA,NA,NCBI,NA,cell culture
149,GCF_016949975.1_ASM1694997v1,GCF_016949975.1,GCF_016949975.1,ASM1694997v1,Pectobacterium brasiliense,OK,IPO:4068 NAK:256,avirulent,negative,Netherlands,Solanum tuberosum cv Kondor,Asymptomatic Potato Heel end,2017,Robert Vreeburg,NA,NA,NCBI,NA,cell culture
150,GCF_016949955.1_ASM1694995v1,GCF_016949955.1,GCF_016949955.1,ASM1694995v1,Pectobacterium versatile,OK,NAK:227,avirulent,NA,Netherlands,Solanum tuberosum,Asymptomatic Potato Heel end,2015,Robert Vreeburg,NA,NA,NCBI,NA,cell culture
151,GCF_016949935.1_ASM1694993v1,GCF_016949935.1,GCF_016949935.1,ASM1694993v1,Pectobacterium polaris,OK,NAK:226,avirulent,NA,Netherlands,Solanum tuberosum,Asymptomatic Potato Heel end,2016,Robert Vreeburg,NA,NA,NCBI,NA,cell culture
152,GCF_016949915.1_ASM1694991v1,GCF_016949915.1,GCF_016949915.1,ASM1694991v1,Pectobacterium brasiliense,OK,IPO:4058 NAK:235,avirulent,negative,Netherlands,Solanum tuberosum,Asymptomatic Potato Heel end,2016,Robert Vreeburg,NA,NA,NCBI,NA,cell culture
153,GCF_016949885.1_ASM1694988v1,GCF_016949885.1,GCF_016949885.1,ASM1694988v1,Pectobacterium brasiliense,OK,NAK:241,virulent,positive,Netherlands,Solanum tuberosum,Asymptomatic Potato Heel end,2016,Robert Vreeburg,NA,NA,NCBI,NA,cell culture
154,GCF_016949875.1_ASM1694987v1,GCF_016949875.1,GCF_016949875.1,ASM1694987v1,Pectobacterium brasiliense,OK,NAK:247,virulent,positive,Netherlands,Solanum tuberosum,Asymptomatic Potato Heel end,2016,Robert Vreeburg,NA,NA,NCBI,NA,cell culture
155,GCF_016949855.1_ASM1694985v1,GCF_016949855.1,GCF_016949855.1,ASM1694985v1,Pectobacterium brasiliense,OK,NAK:245,avirulent,negative,Netherlands,Solanum tuberosum,Asymptomatic Potato Heel end,2016,Robert Vreeburg,NA,NA,NCBI,NA,cell culture
156,GCF_016949835.1_ASM1694983v1,GCF_016949835.1,GCF_016949835.1,ASM1694983v1,Pectobacterium brasiliense,OK,NAK:243,virulent,positive,Netherlands,Solanum tuberosum,Asymptomatic Potato Heel end,2016,Robert Vreeburg,NA,NA,NCBI,NA,cell culture
157,GCF_016949795.1_ASM1694979v1,GCF_016949795.1,GCF_016949795.1,ASM1694979v1,Pectobacterium brasiliense,OK,IPO:4073 NAK:248,avirulent,negative,Netherlands,Solanum tuberosum,Asymptomatic Potato Heel end,2016,Robert Vreeburg,NA,NA,NCBI,NA,cell culture
158,GCF_016949775.1_ASM1694977v1,GCF_016949775.1,GCF_016949775.1,ASM1694977v1,Pectobacterium brasiliense,OK,NAK:250,avirulent,negative,Netherlands,Solanum tuberosum,Asymptomatic Potato Heel end,2016,Robert Vreeburg,NA,NA,NCBI,NA,cell culture
159,GCF_016949735.1_ASM1694973v1,GCF_016949735.1,GCF_016949735.1,ASM1694973v1,Pectobacterium brasiliense,OK,NAK:252,avirulent,negative,Netherlands,Solanum tuberosum,Asymptomatic Potato Heel end,2016,Robert Vreeburg,NA,NA,NCBI,NA,cell culture
160,GCF_016949695.1_ASM1694969v1,GCF_016949695.1,GCF_016949695.1,ASM1694969v1,Pectobacterium polaris,corrected,IPO:4059 NAK:253,inconclusive,negative,Netherlands,Solanum tuberosum,Asymptomatic Potato Heel end,2016,Robert Vreeburg,NA,NA,NCBI,NA,cell culture
161,GCF_016949705.1_ASM1694970v1,GCF_016949705.1,GCF_016949705.1,ASM1694970v1,Pectobacterium brasiliense,OK,NAK:254,avirulent,negative,Netherlands,Solanum tuberosum,Asymptomatic Potato Heel end,2016,Robert Vreeburg,NA,NA,NCBI,NA,cell culture
162,GCF_016949655.1_ASM1694965v1,GCF_016949655.1,GCF_016949655.1,ASM1694965v1,Pectobacterium brasiliense,OK,IPO:4066 NAK:259,avirulent,positive,Netherlands,Solanum tuberosum,Asymptomatic Potato Heel end,2016,Robert Vreeburg,NA,NA,NCBI,NA,cell culture
163,GCF_016949595.1_ASM1694959v1,GCF_016949595.1,GCF_016949595.1,ASM1694959v1,Pectobacterium brasiliense,OK,IPO:3707 NAK:377 77a,NA,positive,Netherlands,Solanum tuberosum cv Primura,potato stem,2013,Robert Vreeburg,NA,NA,NCBI,NA,cell culture
164,GCF_016949545.1_ASM1694954v1,GCF_016949545.1,GCF_016949545.1,ASM1694954v1,Pectobacterium brasiliense,OK,IPO:3708 NAK:378 99a,NA,positive,Netherlands,Solanum tuberosum cv Agria,potato stem,2013,Robert Vreeburg,NA,NA,NCBI,NA,cell culture
165,GCF_016949525.1_ASM1694952v1,GCF_016949525.1,GCF_016949525.1,ASM1694952v1,Pectobacterium brasiliense,OK,IPO:3650 NAK:376,virulent,positive,Netherlands,Solanum tuberosum,potato,NA,Robert Vreeburg,NA,NA,NCBI,NA,cell culture
166,GCF_016949515.1_ASM1694951v1,GCF_016949515.1,GCF_016949515.1,ASM1694951v1,Pectobacterium brasiliense,OK,IPO:4056 NAK:264 GBBC:1756,avirulent,negative,Belgium,Solanum tuberosum,potato stem,2012,Robert Vreeburg,NA,NA,NCBI,NA,cell culture
167,GCF_016949435.1_ASM1694943v1,GCF_016949435.1,GCF_016949435.1,ASM1694943v1,Pectobacterium brasiliense,OK,IPO:3709 NAK:379 112-1c,NA,positive,Netherlands,Solanum tuberosum cv Amora,potato stem,2013,Robert Vreeburg,NA,NA,NCBI,NA,cell culture
168,GCF_016949375.1_ASM1694937v1,GCF_016949375.1,GCF_016949375.1,ASM1694937v1,Pectobacterium brasiliense,OK,IPO:3711 NAK:381,NA,NA,NA,Solanum tuberosum,NA,2013,Robert Vreeburg,NA,NA,NCBI,NA,cell culture
169,GCF_016949355.1_ASM1694935v1,GCF_016949355.1,GCF_016949355.1,ASM1694935v1,Pectobacterium brasiliense,OK,NAK:384,virulent,positive,Netherlands,insect,Suction trap solution,2017,Robert Vreeburg,NA,NA,NCBI,NA,cell culture
170,GCF_016949345.1_ASM1694934v1,GCF_016949345.1,GCF_016949345.1,ASM1694934v1,Pectobacterium brasiliense,OK,NAK:385,avirulent,negative,Netherlands,insect,Bulk Suction trap,2017,Robert Vreeburg,NA,NA,NCBI,NA,cell culture
171,GCF_016949335.1_ASM1694933v1,GCF_016949335.1,GCF_016949335.1,ASM1694933v1,Pectobacterium brasiliense,OK,IPO:4135 NAK:383,virulent,positive,Netherlands,insect,Bulk Suction trap,2017,Robert Vreeburg,NA,NA,NCBI,NA,cell culture
172,GCF_016949315.1_ASM1694931v1,GCF_016949315.1,GCF_016949315.1,ASM1694931v1,Pectobacterium brasiliense,OK,NAK:397,virulent,positive,Netherlands,Hyacint,Asymptomatic Hyacinth Bulb,2017,Robert Vreeburg,NA,NA,NCBI,NA,cell culture
173,GCF_016949295.1_ASM1694929v1,GCF_016949295.1,GCF_016949295.1,ASM1694929v1,Pectobacterium brasiliense,OK,NAK:396,avirulent,negative,Netherlands,Hyacint,Asymptomatic Hyacinth Bulb,2017,Robert Vreeburg,NA,NA,NCBI,NA,cell culture
174,GCF_016949275.1_ASM1694927v1,GCF_016949275.1,GCF_016949275.1,ASM1694927v1,Pectobacterium brasiliense,OK,NAK:431,virulent,positive,Netherlands,Insect,Bulk Suction trap,2018,Robert Vreeburg,NA,NA,NCBI,NA,cell culture
175,GCF_016949255.1_ASM1694925v1,GCF_016949255.1,GCF_016949255.1,ASM1694925v1,Pectobacterium brasiliense,OK,IPO:4131 NAK:399 JGAR:16 180717-4,avirulent,negative,Netherlands,Solanum tuberosum,Symptomatic Potato Stem,2017,Robert Vreeburg,NA,NA,NCBI,NA,cell culture
176,GCF_016949235.1_ASM1694923v1,GCF_016949235.1,GCF_016949235.1,ASM1694923v1,Pectobacterium brasiliense,OK,NAK:430,virulent,positive,Netherlands,Insect,Bulk Suction trap,2018,Robert Vreeburg,NA,NA,NCBI,NA,cell culture
177,GCF_016949215.1_ASM1694921v1,GCF_016949215.1,GCF_016949215.1,ASM1694921v1,Pectobacterium brasiliense,corrected,NAK:433,avirulent,negative,Netherlands,Insect,Suction trap solution,2018,Robert Vreeburg,NA,NA,NCBI,NA,cell culture
178,GCF_016949195.1_ASM1694919v1,GCF_016949195.1,GCF_016949195.1,ASM1694919v1,Pectobacterium brasiliense,OK,NAK:435,avirulent,negative,Netherlands,Insect,Suction trap solution,2018,Robert Vreeburg,NA,NA,NCBI,NA,cell culture
179,GCF_016949155.1_ASM1694915v1,GCF_016949155.1,GCF_016949155.1,ASM1694915v1,Pectobacterium brasiliense,OK,NAK:466,avirulent,negative,Netherlands,NA,water,2017,Robert Vreeburg,NA,NA,NCBI,NA,cell culture
180,GCF_016949145.1_ASM1694914v1,GCF_016949145.1,GCF_016949145.1,ASM1694914v1,Pectobacterium brasiliense,OK,NAK:432,avirulent,negative,Netherlands,Insect,Bulk Suction trap,2018,Robert Vreeburg,NA,NA,NCBI,NA,cell culture
181,GCF_016949135.1_ASM1694913v1,GCF_016949135.1,GCF_016949135.1,ASM1694913v1,Pectobacterium brasiliense,OK,NAK:434,avirulent,negative,Netherlands,Insect,Suction trap solution,2018,Robert Vreeburg,NA,NA,NCBI,NA,cell culture
182,GCF_016949095.1_ASM1694909v1,GCF_016949095.1,GCF_016949095.1,ASM1694909v1,Pectobacterium brasiliense,corrected,NAK:470,avirulent,negative,Netherlands,NA,water,2017,Robert Vreeburg,NA,NA,NCBI,NA,cell culture
183,GCF_016949085.1_ASM1694908v1,GCF_016949085.1,GCF_016949085.1,ASM1694908v1,Pectobacterium quasiaquaticum,renamed,NAK:467,avirulent,NA,Netherlands,NA,water,2017,Robert Vreeburg,NA,NA,NCBI,NA,cell culture
184,GCF_016949075.1_ASM1694907v1,GCF_016949075.1,GCF_016949075.1,ASM1694907v1,Pectobacterium versatile,OK,IPO:0139 NAK:93 PCC:139,NA,NA,NA,Solanum tuberosum,NA,NA,Robert Vreeburg,NA,NA,NCBI,NA,cell culture
185,GCF_016949055.1_ASM1694905v1,GCF_016949055.1,GCF_016949055.1,ASM1694905v1,Pectobacterium brasiliense,corrected,NAK:468,avirulent,negative,Netherlands,NA,water,2017,Robert Vreeburg,NA,NA,NCBI,NA,cell culture
186,GCF_016949035.1_ASM1694903v1,GCF_016949035.1,GCF_016949035.1,ASM1694903v1,Pectobacterium versatile,OK,NAK:94 PCC:163,NA,NA,NA,Solanum tuberosum,NA,NA,Robert Vreeburg,NA,NA,NCBI,NA,cell culture
187,GCF_016944615.1_ASM1694461v1,GCF_016944615.1,GCF_016944615.1,ASM1694461v1,Pectobacterium brasiliense,OK,IPO:3649 NAK:375,virulent,positive,Netherlands,Solanum tuberosum,potato,NA,Robert Vreeburg,NA,NA,NCBI,NA,cell culture
188,GCF_016944595.1_ASM1694459v1,GCF_016944595.1,GCF_016944595.1,ASM1694459v1,Pectobacterium brasiliense,OK,IPO:3710 NAK:380,NA,positive,Netherlands,Solanum tuberosum,potato stem,2013,Robert Vreeburg,NA,NA,NCBI,NA,cell culture
189,GCF_016944555.1_ASM1694455v1,GCF_016944555.1,GCF_016944555.1,ASM1694455v1,Pectobacterium brasiliense,OK,IPO:4057 NAK:249,virulent,positive,Netherlands,Solanum tuberosum cv Noblesse,Asymptomatic Potato Heel end,2017,Robert Vreeburg,NA,NA,NCBI,NA,cell culture
190,GCF_016944435.1_ASM1694443v1,GCF_016944435.1,GCF_016944435.1,ASM1694443v1,Pectobacterium brasiliense,OK,IPO:4060 NAK:251,virulent,positive,Netherlands,Solanum tuberosum,Asymptomatic Potato Heel end,2017,Robert Vreeburg,NA,NA,NCBI,NA,cell culture
191,GCF_016944315.1_ASM1694431v1,GCF_016944315.1,GCF_016944315.1,ASM1694431v1,Pectobacterium brasiliense,OK,IPO:4062 NAK:237,avirulent,negative,Netherlands,Solanum tuberosum cv Festien,Asymptomatic Potato Heel end,2017,Robert Vreeburg,NA,NA,NCBI,NA,cell culture
192,GCF_016944295.1_ASM1694429v1,GCF_016944295.1,GCF_016944295.1,ASM1694429v1,Pectobacterium brasiliense,OK,IPO:4065 NAK:223,avirulent,positive,Netherlands,Solanum tuberosum,Asymptomatic Potato Heel end,2016,Robert Vreeburg,NA,NA,NCBI,NA,cell culture
193,GCF_016944275.1_ASM1694427v1,GCF_016944275.1,GCF_016944275.1,ASM1694427v1,Pectobacterium brasiliense,OK,IPO:4071 NAK:240,virulent,positive,Netherlands,Solanum tuberosum,Asymptomatic Potato Heel end,2016,Robert Vreeburg,NA,NA,NCBI,NA,cell culture
194,GCF_016944255.1_ASM1694425v1,GCF_016944255.1,GCF_016944255.1,ASM1694425v1,Pectobacterium brasiliense,OK,IPO:4132 NAK:239,avirulent,negative,Netherlands,Solanum tuberosum,Asymptomatic Potato Heel end,2017,Robert Vreeburg,NA,NA,NCBI,NA,cell culture
195,GCF_016944235.1_ASM1694423v1,GCF_016944235.1,GCF_016944235.1,ASM1694423v1,Pectobacterium brasiliense,OK,IPO:4134 NAK:395,NA,NA,Netherlands,Hyacinthus sp.,NA,2017,Robert Vreeburg,NA,NA,NCBI,NA,cell culture
196,GCF_016864975.1_ASM1686497v1,GCF_016864975.1,GCF_016864975.1,ASM1686497v1,Pectobacterium brasiliense,OK,ZLMLSHJ5,NA,NA,China,Solanum tuberosum L.,NA,2018,NA,NA,NA,NCBI,NA,Pure culture
197,GCF_016864935.1_ASM1686493v1,GCF_016864935.1,GCF_016864935.1,ASM1686493v1,Pectobacterium parmentieri,OK,QK-5,NA,NA,China,Solanum tuberosum L.,NA,2019,NA,NA,NA,NCBI,NA,tissue sample
198,GCF_016742935.1_ASM1674293v1,GCF_016742935.1,GCF_016742935.1,ASM1674293v1,Pectobacterium carotovorum,OK,NY1767A,NA,NA,United States,potato,NA,2017,NA,NA,NA,NCBI,NA,Cell culture
199,GCF_016742895.1_ASM1674289v1,GCF_016742895.1,GCF_016742895.1,ASM1674289v1,Pectobacterium carotovorum,OK,NY1786A,NA,NA,United States,potato,NA,2017,NA,NA,NA,NCBI,NA,Cell culture
200,GCF_016742905.1_ASM1674290v1,GCF_016742905.1,GCF_016742905.1,ASM1674290v1,Pectobacterium atrosepticum,OK,NY1720A,NA,NA,United States,potato,NA,2017,NA,NA,NA,NCBI,NA,Cell culture
201,GCA_016642095.1_ASM1664209v1,GCA_016642095.1,GCA_016642095.1,ASM1664209v1,Pectobacterium versatile,renamed,15,NA,NA,Republic of Korea,Drosophila,NA,2017,NA,NA,NA,NCBI,NA,whole organism
202,GCF_016415585.1_ASM1641558v1,GCF_016415585.1,GCF_016415585.1,ASM1641558v1,Pectobacterium carotovorum,corrected,2A,NA,NA,Russian Federation,NA,Solanum tuberosum,1974,A.N. Evtushenkov,NA,NA,NCBI,NA,cell culture
203,GCF_016126895.1_ASM1612689v1,GCF_016126895.1,GCF_016126895.1,ASM1612689v1,Pectobacterium parmentieri,OK,WC19161,NA,NA,China,Solanum tuberosum,potato plants,2019,NA,village biome[ENVO:01000246],NA,NCBI,NA,NA
204,GCF_016107195.1_ASM1610719v1,GCF_016107195.1,GCF_016107195.1,ASM1610719v1,Pectobacterium parmentieri,OK,NY1533B,NA,NA,United States,potato,NA,2016,NA,NA,NA,NCBI,NA,Tissue
205,GCF_016107185.1_ASM1610718v1,GCF_016107185.1,GCF_016107185.1,ASM1610718v1,Pectobacterium parmentieri,OK,NY1532B,NA,NA,United States,potato,NA,2016,NA,NA,NA,NCBI,NA,Tissue
206,GCF_016107165.1_ASM1610716v1,GCF_016107165.1,GCF_016107165.1,ASM1610716v1,Pectobacterium parmentieri,OK,NY1540A,NA,NA,United States,potato,NA,2016,NA,NA,NA,NCBI,NA,Tissue
207,GCF_016107125.1_ASM1610712v1,GCF_016107125.1,GCF_016107125.1,ASM1610712v1,Pectobacterium parmentieri,OK,NY1548A,NA,NA,United States,potato,NA,2016,NA,NA,NA,NCBI,NA,Tissue
208,GCF_016107135.1_ASM1610713v1,GCF_016107135.1,GCF_016107135.1,ASM1610713v1,Pectobacterium parmentieri,OK,NY1584A,NA,NA,United States,potato,NA,2016,NA,NA,NA,NCBI,NA,Tissue
209,GCF_016107095.1_ASM1610709v1,GCF_016107095.1,GCF_016107095.1,ASM1610709v1,Pectobacterium parmentieri,OK,NY1585A,NA,NA,United States,potato,NA,2016,NA,NA,NA,NCBI,NA,Tissue
210,GCF_016107085.1_ASM1610708v1,GCF_016107085.1,GCF_016107085.1,ASM1610708v1,Pectobacterium parmentieri,OK,NY1587A,NA,NA,United States,potato,NA,2016,NA,NA,NA,NCBI,NA,Tissue
211,GCF_016107065.1_ASM1610706v1,GCF_016107065.1,GCF_016107065.1,ASM1610706v1,Pectobacterium parmentieri,OK,NY1588A,NA,NA,United States,potato,NA,2016,NA,NA,NA,NCBI,NA,Tissue
212,GCF_016107025.1_ASM1610702v1,GCF_016107025.1,GCF_016107025.1,ASM1610702v1,Pectobacterium parmentieri,OK,NY1712A,NA,NA,United States,potato,NA,2017,NA,NA,NA,NCBI,NA,Tissue
213,GCF_016107035.1_ASM1610703v1,GCF_016107035.1,GCF_016107035.1,ASM1610703v1,Pectobacterium parmentieri,OK,NY1722A,NA,NA,United States,potato,NA,2017,NA,NA,NA,NCBI,NA,Tissue
214,GCF_003990515.2_ASM399051v2,GCF_003990515.2,GCF_003990515.2,ASM399051v2,Pectobacterium brasiliense,OK,F126,NA,NA,Russian Federation,Solanum tuberosum,NA,2012,NA,NA,NA,NCBI,NA,cell culture
215,GCF_002920045.2_ASM292004v2,GCF_002920045.2,GCF_002920045.2,ASM292004v2,Pectobacterium parmentieri,OK,PB20,NA,NA,Russian Federation,NA,sewage water at the washing station of potato storage facility,2014,Phytoengineering Ltd,NA,NA,NCBI,NA,cell culture
216,GCF_002921235.2_ASM292123v2,GCF_002921235.2,GCF_002921235.2,ASM292123v2,Pectobacterium versatile,OK,F131,NA,NA,Russian Federation,NA,Potato with the soft rot symptoms,1993,Alexander N. Ignatov,NA,NA,NCBI,NA,NA
217,GCF_015709085.1_ASM1570908v1,GCF_015709085.1,GCF_015709085.1,ASM1570908v1,Pectobacterium aroidearum,renamed,PCCS1,NA,NA,China,Zantedeschia sp. (colored calla lily),NA,NA,NA,NA,NA,NCBI,NA,NA
218,GCF_015277635.1_ASM1527763v1,GCF_015277635.1,GCF_015277635.1,ASM1527763v1,Pectobacterium aroidearum,renamed,PCCS1,NA,NA,China,NA,calla lily,2015,Nanjing Agricultural University,NA,NA,NCBI,NA,NA
219,GCF_014946905.1_ASM1494690v1,GCF_014946905.1,GCF_014946905.1,ASM1494690v1,Pectobacterium quasiaquaticum,OK,FL63-S17,NA,NA,France,NA,fresh water,2017,NA,ENVO:00000873,NA,NCBI,NA,NA
220,GCF_014946865.1_ASM1494686v1,GCF_014946865.1,GCF_014946865.1,ASM1494686v1,Pectobacterium quasiaquaticum,OK,FL60-S17,NA,NA,France,NA,fresh water,2017,NA,ENVO:00000873,NA,NCBI,NA,NA
221,GCF_014946835.1_ASM1494683v1,GCF_014946835.1,GCF_014946835.1,ASM1494683v1,Pectobacterium quasiaquaticum,OK,A535-S3-A17,NA,NA,France,NA,fresh water,2017,NA,ENVO:00000873,NA,NCBI,NA,NA
222,GCF_014946845.1_ASM1494684v1,GCF_014946845.1,GCF_014946845.1,ASM1494684v1,Pectobacterium quasiaquaticum,OK,A411-S4-F17,NA,NA,France,NA,fresh water,2017,NA,ENVO:00000873,NA,NCBI,representative genome,NA
223,GCF_014946805.1_ASM1494680v1,GCF_014946805.1,GCF_014946805.1,ASM1494680v1,Pectobacterium quasiaquaticum,OK,A113-S21-F16,NA,NA,France,NA,fresh water,2016,NA,ENVO:00000873,NA,NCBI,NA,NA
224,GCF_014604455.1_ASM1460445v1,GCF_014604455.1,GCF_014604455.1,ASM1460445v1,Pectobacterium versatile,renamed,Ecc15,NA,NA,France,NA,infected potato plant,1978,NA,NA,NA,NCBI,NA,Bacterial strain
225,GCF_014164815.1_ASM1416481v1,GCF_014164815.1,GCF_014164815.1,ASM1416481v1,Pectobacterium carotovorum,OK,BL-4,NA,NA,China,potato,NA,2018,NA,cold area,NA,NCBI,NA,NA
226,GCF_014050115.1_ASM1405011v1,GCF_014050115.1,GCF_014050115.1,ASM1405011v1,Pectobacterium aroidearum,corrected,MY19,NA,NA,China,Amorphophallus konjac,NA,2019,NA,NA,NA,NCBI,NA,tissue sample
227,GCF_014042225.1_ASM1404222v1,GCF_014042225.1,GCF_014042225.1,ASM1404222v1,Pectobacterium aroidearum,corrected,KC20,NA,NA,China,Brassica rapa,NA,2016,NA,NA,NA,NCBI,NA,tissue sample
228,GCF_013913645.1_ASM1391364v1,GCF_013913645.1,GCF_013913645.1,ASM1391364v1,Pectobacterium aroidearum,corrected,MY18,NA,NA,China,Amorphophallus konjac,NA,2019,NA,NA,NA,NCBI,NA,tissue sample
229,GCF_013913595.1_ASM1391359v1,GCF_013913595.1,GCF_013913595.1,ASM1391359v1,Pectobacterium aroidearum,corrected,MY10,NA,NA,China,Amorphophallus konjac,NA,2019,NA,NA,NA,NCBI,NA,tissue sample
230,GCF_013913605.1_ASM1391360v1,GCF_013913605.1,GCF_013913605.1,ASM1391360v1,Pectobacterium aroidearum,corrected,MY7,NA,NA,China,Amorphophallus konjac,NA,2019,NA,NA,NA,NCBI,NA,tissue sample
231,GCF_013913585.1_ASM1391358v1,GCF_013913585.1,GCF_013913585.1,ASM1391358v1,Pectobacterium aroidearum,corrected,MY11,NA,NA,China,Amorphophallus konjac,NA,2019,NA,NA,NA,NCBI,NA,tissue sample
232,GCF_013913555.1_ASM1391355v1,GCF_013913555.1,GCF_013913555.1,ASM1391355v1,Pectobacterium aroidearum,corrected,MY2,NA,NA,China,Amorphophallus konjac,NA,2019,NA,NA,NA,NCBI,NA,tissue sample
233,GCF_013488025.1_ASM1348802v1,GCF_013488025.1,GCF_013488025.1,ASM1348802v1,Pectobacterium carotovorum,OK,WPP14,NA,NA,United States,potato,NA,2015,NA,NA,NA,NCBI,representative genome,cell culture
234,GCF_013450045.1_ASM1345004v1,GCF_013450045.1,GCF_013450045.1,ASM1345004v1,Pectobacterium odoriferum,OK,CFBP8735,NA,NA,France,NA,NA,2016,NA,fresh river water,NA,NCBI,NA,NA
235,GCF_013449715.1_ASM1344971v1,GCF_013449715.1,GCF_013449715.1,ASM1344971v1,Pectobacterium aroidearum,corrected,CFBP8737,NA,NA,France,NA,NA,2015,NA,CFBP8737,NA,NCBI,NA,NA
236,GCF_013449685.1_ASM1344968v1,GCF_013449685.1,GCF_013449685.1,ASM1344968v1,Pectobacterium brasiliense,corrected,CFBP8736,NA,NA,France,NA,NA,2016,NA,fresh river water,NA,NCBI,NA,NA
237,GCF_013449675.1_ASM1344967v1,GCF_013449675.1,GCF_013449675.1,ASM1344967v1,Pectobacterium versatile,OK,CFBP5378,NA,NA,United Kingdom,Solanum tuberosum,NA,1995,NA,infected host plant,NA,NCBI,NA,NA
238,GCF_013449655.1_ASM1344965v1,GCF_013449655.1,GCF_013449655.1,ASM1344965v1,Pectobacterium versatile,OK,CFBP5669,NA,NA,France,Primula obconica,NA,1978,NA,infected host plant,NA,NCBI,NA,NA
239,GCF_013449605.1_ASM1344960v1,GCF_013449605.1,GCF_013449605.1,ASM1344960v1,Pectobacterium versatile,OK,CFBP6698,NA,NA,France,Allium ampeloprasum,NA,2000,NA,infected host plant,NA,NCBI,NA,NA
240,GCF_013449535.1_ASM1344953v1,GCF_013449535.1,GCF_013449535.1,ASM1344953v1,Pectobacterium brasiliense,OK,CFBP7357,NA,NA,Syria,Solanum tuberosum,NA,2003,NA,infected host plant,NA,NCBI,NA,NA
241,GCF_013449495.1_ASM1344949v1,GCF_013449495.1,GCF_013449495.1,ASM1344949v1,Pectobacterium carotovorum,OK,CFBP6074,NA,NA,United States,Solanum tuberosum,NA,NA,NA,infected host plant,NA,NCBI,NA,NA
242,GCF_013449485.1_ASM1344948v1,GCF_013449485.1,GCF_013449485.1,ASM1344948v1,Pectobacterium brasiliense,OK,CFBP3230,NA,NA,United States,Gossypium sp.,NA,1964,NA,infected host plant,NA,NCBI,NA,NA
243,GCF_013449475.1_ASM1344947v1,GCF_013449475.1,GCF_013449475.1,ASM1344947v1,Pectobacterium brasiliense,OK,CFBP5381,NA,NA,Algeria,NA,NA,1997,NA,infected host plant,NA,NCBI,NA,NA
244,GCF_013449415.1_ASM1344941v1,GCF_013449415.1,GCF_013449415.1,ASM1344941v1,Pectobacterium carotovorum,OK,CFBP8734,NA,NA,France,NA,NA,2015,NA,fresh river water,NA,NCBI,NA,NA
245,GCF_013449405.1_ASM1344940v1,GCF_013449405.1,GCF_013449405.1,ASM1344940v1,Pectobacterium versatile,OK,CFBP1118,NA,NA,NA,Brassica oleracea,NA,1967,NA,infected host plant,NA,NCBI,NA,NA
246,GCF_013449395.1_ASM1344939v1,GCF_013449395.1,GCF_013449395.1,ASM1344939v1,Pectobacterium carotovorum,OK,CFBP7347,NA,NA,Syria,Solanum tuberosum,NA,2003,NA,infected host plant,NA,NCBI,NA,NA
247,GCF_013449385.1_ASM1344938v1,GCF_013449385.1,GCF_013449385.1,ASM1344938v1,Pectobacterium carotovorum,OK,CFBP1402,NA,NA,Serbia,Capsicum annuum,NA,1972,NA,infected host plant,NA,NCBI,NA,NA
248,GCF_013449375.1_ASM1344937v1,GCF_013449375.1,GCF_013449375.1,ASM1344937v1,Pectobacterium sp. CFBP8739,Inconclusive,CFBP8739,NA,NA,France,NA,NA,2017,NA,fresh river water,NA,NCBI,NA,NA
249,GCF_900195295.2_Pc0416_3,GCF_900195295.2,GCF_900195295.2,Pc0416_3,Pectobacterium parvum,OK,s0416,NA,NA,Finland,NA,NA,2004,NA,stems of Solanum tuberosum,NA,NCBI,NA,NA
250,GCF_900195285.2_Pc0421_3,GCF_900195285.2,GCF_900195285.2,Pc0421_3,Pectobacterium parvum,OK,s0421,NA,NA,Finland,NA,NA,2004,NA,stems of Solanum tuberosum,type strain,NCBI,NA,NA
251,GCF_902167255.1_IPO1948_2,GCF_902167255.1,GCF_902167255.1,IPO1948_2,Pectobacterium polaris,OK,NA,NA,NA,NA,NA,NA,NA,NA,NA,NA,NCBI,NA,NA
252,GCF_902143345.1_IPO1606_1,GCF_902143345.1,GCF_902143345.1,IPO1606_1,Pectobacterium polaris,OK,NA,NA,NA,NA,NA,NA,NA,NA,NA,NA,NCBI,NA,NA
253,GCF_902143365.1_IPO3841_1,GCF_902143365.1,GCF_902143365.1,IPO3841_1,Pectobacterium polaris,OK,NA,NA,NA,NA,NA,NA,NA,NA,NA,NA,NCBI,NA,NA
254,GCF_902143355.1_IPO3720_1,GCF_902143355.1,GCF_902143355.1,IPO3720_1,Pectobacterium polaris,OK,NA,NA,NA,NA,NA,NA,NA,NA,NA,NA,NCBI,NA,NA
255,GCF_902143335.1_IPO3842_1,GCF_902143335.1,GCF_902143335.1,IPO3842_1,Pectobacterium polaris,OK,NA,NA,NA,NA,NA,NA,NA,NA,NA,NA,NCBI,NA,NA
256,GCF_012427845.1_ASM1242784v1,GCF_012427845.1,GCF_012427845.1,ASM1242784v1,Pectobacterium punjabense,OK,SS95,NA,NA,Pakistan,Solanum tuberosum,Potato field,2017,Sohaib Sarfraz,NA,type strain,NCBI,representative genome,Tissue sample
257,GCF_011379045.1_ASM1137904v1,GCF_011379045.1,GCF_011379045.1,ASM1137904v1,Pectobacterium parvum,renamed,WBC11,NA,NA,China,chinese cabbage,NA,2013,NA,NA,NA,NCBI,NA,Pathogenic tissue of Chinese cabbage
258,GCF_011378985.1_ASM1137898v1,GCF_011378985.1,GCF_011378985.1,ASM1137898v1,Pectobacterium parvum,renamed,WBC9,NA,NA,China,chinese cabbage,NA,2013,NA,NA,NA,NCBI,NA,Pathogenic tissue of Chinese cabbage
259,GCF_011378965.1_ASM1137896v1,GCF_011378965.1,GCF_011378965.1,ASM1137896v1,Pectobacterium parvum,renamed,WBC6,NA,NA,China,chinese cabbage,NA,2017,NA,NA,NA,NCBI,NA,Pathogenic tissue of Chinese cabbage
260,GCF_011378945.1_ASM1137894v1,GCF_011378945.1,GCF_011378945.1,ASM1137894v1,Pectobacterium parvum,renamed,WBC1,NA,NA,China,Chinese cabbage,NA,2017,NA,NA,NA,NCBI,NA,Pathogenic tissue of Chinese cabbage
261,GCF_009931535.1_ASM993153v1,GCF_009931535.1,GCF_009931535.1,ASM993153v1,Pectobacterium parmentieri,OK,HC,NA,NA,Republic of Korea,Potato,stem,2016,NA,NA,NA,NCBI,NA,culture
262,GCF_009931215.1_ASM993121v1,GCF_009931215.1,GCF_009931215.1,ASM993121v1,Pectobacterium carotovorum,OK,JR1.1,NA,NA,Republic of Korea,radish,NA,2016,NA,NA,NA,NCBI,NA,single cell
263,GCF_009873295.1_ASM987329v1,GCF_009873295.1,GCF_009873295.1,ASM987329v1,Pectobacterium brasiliense,OK,1692,NA,NA,Brazil,potato,NA,2015,NA,NA,NA,NCBI,representative genome,Cell culture
264,GCF_005771575.1_ASM577157v1,GCF_005771575.1,GCF_005771575.1,ASM577157v1,Pectobacterium carotovorum,OK,LMG 2410,NA,NA,United Kingdom,Cucumis sativus,NA,1957,Jenkins J.,NA,NA,NCBI,NA,whole organism
265,GCF_005497185.1_ASM549718v1,GCF_005497185.1,GCF_005497185.1,ASM549718v1,Pectobacterium polonicum,OK,DPMP315,NA,NA,Poland,NA,ground water from potato field,2016,NA,ground water,type strain,NCBI,representative genome,NA
266,GCF_004137795.1_ASM413779v1,GCF_004137795.1,GCF_004137795.1,ASM413779v1,Pectobacterium zantedeschiae,OK,9M,NA,NA,Poland,Zantedeschia aethiopica,tuber,2005,Artur Mikicinski,NA,type strain,NCBI,representative genome,single cell
267,GCF_004296765.1_ASM429676v1,GCF_004296765.1,GCF_004296765.1,ASM429676v1,Pectobacterium versatile,OK,CFBP5663,NA,NA,France,Iris sp.,NA,1983,Shmit J,plant symptom (Iris sp.),NA,NCBI,NA,cell culture
268,GCF_004296725.1_ASM429672v1,GCF_004296725.1,GCF_004296725.1,ASM429672v1,Pectobacterium versatile,OK,A69-S13-O15,NA,NA,France,NA,fresh water,2015,Marie Anne Barny,fresh water,NA,NCBI,NA,cell culture
269,GCF_004296685.1_ASM429668v1,GCF_004296685.1,GCF_004296685.1,ASM429668v1,Pectobacterium versatile,OK,CFBP6051,NA,NA,Netherlands,Solanum tuberosum,NA,2001,Maas Geesteranus,plant symptom (Solanum tuberosum),type strain,NCBI,NA,cell culture
270,GCF_004296715.1_ASM429671v1,GCF_004296715.1,GCF_004296715.1,ASM429671v1,Pectobacterium versatile,OK,A67-S18-O15,NA,NA,France,NA,fresh water,2015,Marie Anne Barny,NA,NA,NCBI,NA,cell culture
271,GCF_004296675.1_ASM429667v1,GCF_004296675.1,GCF_004296675.1,ASM429667v1,Pectobacterium versatile,OK,A75-S21-O15,NA,NA,France,NA,fresh water,2015,Marie Anne Barny,fresh water,NA,NCBI,NA,cell culture
272,GCF_004296665.1_ASM429666v1,GCF_004296665.1,GCF_004296665.1,ASM429666v1,Pectobacterium versatile,OK,CFBP1552,NA,NA,France,NA,fresh water,1973,Lemattre Monique,plant symptom (Chrysanthemum morifolium),NA,NCBI,NA,cell culture
273,GCF_004137785.1_ASM413778v1,GCF_004137785.1,GCF_004137785.1,ASM413778v1,Pectobacterium zantedeschiae,OK,PC2,NA,NA,Serbia,Zantedeschia aethiopica,NA,2015,NA,cultivated crops,NA,NCBI,NA,NA
274,GCF_003992745.1_ASM399274v1,GCF_003992745.1,GCF_003992745.1,ASM399274v1,Pectobacterium parmentieri,OK,IFB5427,NA,NA,Poland,weed,Solanum tuberosum associated weed,2013,Agata Motyka,NA,NA,NCBI,representative genome,cell culture
275,GCF_003990525.1_ASM399052v1,GCF_003990525.1,GCF_003990525.1,ASM399052v1,Pectobacterium polaris,OK,F109,NA,NA,Russian Federation,Solanum tuberosum,NA,1979,NA,NA,NA,NCBI,NA,cell culture
276,GCF_003990505.1_ASM399050v1,GCF_003990505.1,GCF_003990505.1,ASM399050v1,Pectobacterium versatile,OK,F16,NA,NA,Latvia,Brassica oleracea,NA,1974,NA,NA,NA,NCBI,NA,cell culture
277,GCF_003382645.2_ASM338264v2,GCF_003382645.2,GCF_003382645.2,ASM338264v2,Pectobacterium aquaticum,OK,A35-S23-M15,NA,NA,France,NA,fresh water,2015,Marie-Anne Barny,fresh water,NA,NCBI,NA,single cell
278,GCF_003382655.2_ASM338265v2,GCF_003382655.2,GCF_003382655.2,ASM338265v2,Pectobacterium aquaticum,OK,A127-S21-F16,NA,NA,France,NA,fresh water,2016,Marie-Anne Barny,fresh water,NA,NCBI,NA,single cell
279,GCF_003382595.2_ASM338259v2,GCF_003382595.2,GCF_003382595.2,ASM338259v2,Pectobacterium aquaticum,OK,A104-S21-F16,NA,NA,France,NA,fresh water,2016,Marie-Anne Barny,fresh water,NA,NCBI,NA,single cell
280,GCF_003382585.2_ASM338258v2,GCF_003382585.2,GCF_003382585.2,ASM338258v2,Pectobacterium aquaticum,OK,A105-S21-F16,NA,NA,France,NA,fresh water,2016,Marie-Anne Barny,fresh water,NA,NCBI,NA,single cell
281,GCF_003382625.2_ASM338262v2,GCF_003382625.2,GCF_003382625.2,ASM338262v2,Pectobacterium aquaticum,OK,A101-S19-F16,NA,NA,France,NA,fresh water,2016,Marie-Anne Barny,fresh water,NA,NCBI,NA,single cell
282,GCF_003932035.1_ASM393203v1,GCF_003932035.1,GCF_003932035.1,ASM393203v1,Pectobacterium versatile,OK,14A,NA,NA,Belarus,Solanum tuberosum,tuber,1978,Anatoli Evtushenkov,NA,NA,NCBI,NA,cell culture
283,GCF_003800545.1_ASM380054v1,GCF_003800545.1,GCF_003800545.1,ASM380054v1,Pectobacterium atrosepticum,OK,HAI2-SCRI1043,NA,NA,NA,NA,NA,NA,NA,NA,NA,NCBI,NA,NA
284,GCF_003628735.1_ASM362873v1,GCF_003628735.1,GCF_003628735.1,ASM362873v1,Pectobacterium parmentieri,OK,IFB5619,NA,NA,Poland,Solanum tuberosum,stem,2014,Sabina Zoledowska,NA,NA,NCBI,NA,cell culture
285,GCF_003628715.1_ASM362871v1,GCF_003628715.1,GCF_003628715.1,ASM362871v1,Pectobacterium parmentieri,OK,IFB5605,NA,NA,Poland,Solanum tuberosum,stem,2014,Sabina Zoledowska,NA,NA,NCBI,NA,cell culture
286,GCF_003628695.1_ASM362869v1,GCF_003628695.1,GCF_003628695.1,ASM362869v1,Pectobacterium parmentieri,OK,IFB5604,NA,NA,Poland,Solanum tuberosum,stem,2014,Sabina Zoledowska,NA,NA,NCBI,NA,cell culture
287,GCF_003628675.1_ASM362867v1,GCF_003628675.1,GCF_003628675.1,ASM362867v1,Pectobacterium parmentieri,OK,IFB5486,NA,NA,Belgium,Solanum tuberosum,tuber,2012,NA,NA,NA,NCBI,NA,cell culture
288,GCF_003628655.1_ASM362865v1,GCF_003628655.1,GCF_003628655.1,ASM362865v1,Pectobacterium parmentieri,OK,IFB5441,NA,NA,Poland,Solanum tuberosum,tuber,2013,Agata Motyka,NA,NA,NCBI,NA,cell culture
289,GCF_003628635.1_ASM362863v1,GCF_003628635.1,GCF_003628635.1,ASM362863v1,Pectobacterium parmentieri,OK,IFB5432,NA,NA,Poland,Solanum tuberosum,tuber,2013,Agata Motyka,NA,NA,NCBI,NA,cell culture
290,GCF_003628615.1_ASM362861v1,GCF_003628615.1,GCF_003628615.1,ASM362861v1,Pectobacterium parmentieri,OK,IFB5623,NA,NA,Poland,Solanum tuberosum,stem,2014,Sabina Zoledowska,NA,NA,NCBI,NA,cell culture
291,GCF_003628595.1_ASM362859v1,GCF_003628595.1,GCF_003628595.1,ASM362859v1,Pectobacterium parmentieri,OK,IFB5485,NA,NA,Belgium,Solanum tuberosum,tuber,2012,NA,NA,NA,NCBI,NA,cell culture
292,GCF_003628575.1_ASM362857v1,GCF_003628575.1,GCF_003628575.1,ASM362857v1,Pectobacterium parmentieri,OK,IFB5408,NA,NA,Poland,Solanum tuberosum,stem,2013,Agata Motyka,NA,NA,NCBI,NA,cell culture
293,GCF_003628025.1_ASM362802v1,GCF_003628025.1,GCF_003628025.1,ASM362802v1,Pectobacterium parmentieri,OK,IFB5597,NA,NA,Poland,Solanum tuberosum,stem,2014,Sabina Zoledowska,NA,NA,NCBI,NA,cell culture
294,GCF_003628015.1_ASM362801v1,GCF_003628015.1,GCF_003628015.1,ASM362801v1,Pectobacterium parmentieri,OK,IFB5626,NA,NA,Poland,Solanum tuberosum,tuber,2014,Sabina Zoledowska,NA,NA,NCBI,NA,cell culture
295,GCF_003595135.1_ASM359513v1,GCF_003595135.1,GCF_003595135.1,ASM359513v1,Pectobacterium versatile,OK,S4.16.03.3K,NA,NA,Morocco,Solanum tuberosum,Potato with blackleg symptoms,2016,Said Oulghazi,NA,NA,NCBI,NA,Tissue sample
296,GCF_003595125.1_ASM359512v1,GCF_003595125.1,GCF_003595125.1,ASM359512v1,Pectobacterium carotovorum,OK,S1-A16,NA,NA,Morocco,Solanum tuberosum,Potato with blackleg symptoms,2017,Said Oulghazi,NA,NA,NCBI,NA,Tissue sample
297,GCF_003595115.1_ASM359511v1,GCF_003595115.1,GCF_003595115.1,ASM359511v1,Pectobacterium brasiliense,renamed,S1.16.01.3K,NA,NA,Morocco,Solanum tuberosum,Potato with blackleg symptoms,2016,Said Oulghazi,NA,NA,NCBI,NA,Tissue sample
298,GCF_003595065.1_ASM359506v1,GCF_003595065.1,GCF_003595065.1,ASM359506v1,Pectobacterium versatile,OK,S4.16.03.3I,NA,NA,Morocco,Solanum tuberosum,Potato with blackleg symptoms,2016,Said Oulghazi,NA,NA,NCBI,NA,Tissue sample
299,GCF_003595055.1_ASM359505v1,GCF_003595055.1,GCF_003595055.1,ASM359505v1,Pectobacterium brasiliense,renamed,S1.15.11.2D,NA,NA,Morocco,Solanum tuberosum,Potato with blackleg symptoms,2015,Said Oulghazi,NA,NA,NCBI,NA,Tissue sample
300,GCF_003595035.1_ASM359503v1,GCF_003595035.1,GCF_003595035.1,ASM359503v1,Pectobacterium polaris,OK,S4.16.03.2B,NA,NA,Morocco,Solanum tuberosum,Potato with blackleg symptoms,2016,Said Oulghazi,NA,NA,NCBI,NA,Tissue sample
301,GCF_003594995.1_ASM359499v1,GCF_003594995.1,GCF_003594995.1,ASM359499v1,Pectobacterium versatile,OK,S4.16.03.3F,NA,NA,Morocco,Solanum tuberosum,Potato with blackleg symptoms,2016,Said Oulghazi,NA,NA,NCBI,NA,Tissue sample
302,GCF_003594975.1_ASM359497v1,GCF_003594975.1,GCF_003594975.1,ASM359497v1,Pectobacterium brasiliense,renamed,S4.16.03.1C,NA,NA,Morocco,Solanum tuberosum,Potato with blackleg symptoms,2016,Said Oulghazi,NA,NA,NCBI,NA,Tissue sample
303,GCF_003571485.1_ASM357148v1,GCF_003571485.1,GCF_003571485.1,ASM357148v1,Pectobacterium versatile,OK,SCC1,NA,NA,Finland,Solanum tuberosum,NA,1982,NA,NA,NA,NCBI,representative genome,whole organism
304,GCF_003402555.1_Sfl_assembly01,GCF_003402555.1,GCF_003402555.1,Sfl_assembly01,Pectobacterium versatile,OK,RMIT1,NA,NA,NA,Allium triquetrum,NA,NA,NA,NA,NA,NCBI,NA,NA
305,GCF_003312345.1_ASM331234v1,GCF_003312345.1,GCF_003312345.1,ASM331234v1,Pectobacterium peruviense,OK,A97-S13-F16,NA,NA,France,NA,fresh water from alpine river,2016,Marie Anne Barny,fresh water and alpine river,NA,NCBI,NA,bacterial culture
306,GCF_003312355.1_ASM331235v1,GCF_003312355.1,GCF_003312355.1,ASM331235v1,Pectobacterium peruviense,OK,A350-S18-N16,NA,NA,France,NA,fresh water from alpine river,2016,Marie Anne Barny,fresh water and alpine river,NA,NCBI,NA,bacterial culture
307,GCF_001429565.2_ASM142956v2,GCF_001429565.2,GCF_001429565.2,ASM142956v2,Pectobacterium brasiliense,OK,PcbHPI01,NA,NA,South Africa,Cucumis sativus,NA,2012,NA,Semi-arid (temperate),NA,NCBI,NA,Cell culture
308,GCF_003186045.1_ASM318604v1,GCF_003186045.1,GCF_003186045.1,ASM318604v1,Pectobacterium brasiliense,renamed,ATCC 39048,NA,NA,United States,NA,NA,1981,NA,NA,NA,NCBI,NA,Cell culture
309,GCF_003121785.1_ASM312178v1,GCF_003121785.1,GCF_003121785.1,ASM312178v1,Pectobacterium parmentieri,OK,SS90,NA,NA,Pakistan,Potato,Plant stem,2017,Soahib Sarfraz,Crops field,NA,NCBI,NA,Tissue sample
310,GCF_003121765.1_ASM312176v1,GCF_003121765.1,GCF_003121765.1,ASM312176v1,Pectobacterium versatile,OK,SS96,NA,NA,Pakistan,Potato,Plant stem,2017,Soahib Sarfraz,Crops field,NA,NCBI,NA,Tissue sample
311,GCF_003121725.1_ASM312172v1,GCF_003121725.1,GCF_003121725.1,ASM312172v1,Pectobacterium atrosepticum,OK,SS26,NA,NA,Pakistan,Potato,Plant stem,2016,Soahib Sarfraz,Crops field,NA,NCBI,NA,Tissue sample
312,GCF_003121735.1_ASM312173v1,GCF_003121735.1,GCF_003121735.1,ASM312173v1,Pectobacterium polaris,OK,SS28,NA,NA,Pakistan,Potato,Plant stem,2017,Soahib Sarfraz,Crops field,NA,NCBI,NA,Tissue sample
313,GCF_003031305.1_ASM303130v1,GCF_003031305.1,GCF_003031305.1,ASM303130v1,Pectobacterium versatile,OK,3-2,NA,NA,Belarus,Solanum tuberosum,rotten potato tuber,1979,V. Lysak,NA,NA,NCBI,NA,NA
314,GCF_003028395.1_ASM302839v1,GCF_003028395.1,GCF_003028395.1,ASM302839v1,Pectobacterium punjabense,OK,SS95,NA,NA,Pakistan,Solanum tuberosum,Plant stem,2017,Sohaib sarfraz,Cropping Area/ Field,type strain,NCBI,NA,cell culture
315,GCF_002983505.1_ASM298350v1,GCF_002983505.1,GCF_002983505.1,ASM298350v1,Pectobacterium versatile,OK,Ecc71,NA,NA,Netherlands,Solanum tuberosum (potato),NA,1960,NA,NA,NA,NCBI,NA,Pure bacterial culture
316,GCF_002930555.1_ASM293055v1,GCF_002930555.1,GCF_002930555.1,ASM293055v1,Pectobacterium brasiliense,OK,F152,NA,NA,Russian Federation,Solanum tuberosum,NA,2014,NA,NA,NA,NCBI,NA,cell culture
317,GCF_002930535.1_ASM293053v1,GCF_002930535.1,GCF_002930535.1,ASM293053v1,Pectobacterium brasiliense,OK,F157,NA,NA,Russian Federation,Solanum tuberosum,NA,2015,NA,NA,NA,NCBI,NA,cell culture
318,GCF_002921295.1_ASM292129v1,GCF_002921295.1,GCF_002921295.1,ASM292129v1,Pectobacterium versatile,OK,PB70,NA,NA,Russian Federation,NA,Potato with the soft rot symptoms,2012,Alexander N. Ignatov,NA,NA,NCBI,NA,NA
319,GCF_002921275.1_ASM292127v1,GCF_002921275.1,GCF_002921275.1,ASM292127v1,Pectobacterium versatile,OK,F135,NA,NA,Russian Federation,NA,Potato with the soft rot symptoms,2012,Alexander N. Ignatov,NA,NA,NCBI,NA,NA
320,GCF_002921285.1_ASM292128v1,GCF_002921285.1,GCF_002921285.1,ASM292128v1,Pectobacterium versatile,OK,PB69,NA,NA,Russian Federation,NA,Potato with the soft rot symptoms,2012,Alexander N. Ignatov,NA,NA,NCBI,NA,NA
321,GCF_002921205.1_ASM292120v1,GCF_002921205.1,GCF_002921205.1,ASM292120v1,Pectobacterium versatile,OK,F018,NA,NA,Russian Federation,NA,Cabbage with the soft rot symptoms,1947,Alexander N. Ignatov,NA,NA,NCBI,NA,NA
322,GCF_002920025.1_ASM292002v1,GCF_002920025.1,GCF_002920025.1,ASM292002v1,Pectobacterium atrosepticum,OK,PB72,NA,NA,Russian Federation,Solanum tuberosum,plant pathogenic material,2014,Phytoengineering Ltd,NA,NA,NCBI,NA,cell culture
323,GCF_002904255.1_ASM290425v1,GCF_002904255.1,GCF_002904255.1,ASM290425v1,Pectobacterium odoriferum,OK,T5,NA,NA,China,Chinese cabbage,NA,2010,YuTian,NA,NA,NCBI,NA,NA
324,GCF_002904225.1_ASM290422v1,GCF_002904225.1,GCF_002904225.1,ASM290422v1,Pectobacterium odoriferum,OK,S6,NA,NA,China,Chinese cabbage,NA,2010,YuTian,NA,NA,NCBI,NA,NA
325,GCF_002904195.1_ASM290419v1,GCF_002904195.1,GCF_002904195.1,ASM290419v1,Pectobacterium odoriferum,OK,Q166,NA,NA,China,Apium graveolens,NA,2014,YuTian,NA,NA,NCBI,NA,NA
326,GCF_002904185.1_ASM290418v1,GCF_002904185.1,GCF_002904185.1,ASM290418v1,Pectobacterium odoriferum,OK,Q142,NA,NA,China,Apium graveolens,NA,2014,YuTian,NA,NA,NCBI,NA,NA
327,GCF_002904145.1_ASM290414v1,GCF_002904145.1,GCF_002904145.1,ASM290414v1,Pectobacterium odoriferum,OK,T4,NA,NA,China,Chinese cabbage,NA,2010,Y.L. Ma,NA,NA,NCBI,NA,NA
328,GCF_002904125.1_ASM290412v1,GCF_002904125.1,GCF_002904125.1,ASM290412v1,Pectobacterium odoriferum,OK,S6-2,NA,NA,China,Chinese cabbage,NA,2010,Y.L. Ma,NA,NA,NCBI,NA,NA
329,GCF_002904105.1_ASM290410v1,GCF_002904105.1,GCF_002904105.1,ASM290410v1,Pectobacterium odoriferum,OK,Q115,NA,NA,China,Apium graveolens,NA,2014,YuTian,NA,NA,NCBI,NA,NA
330,GCF_002904085.1_ASM290408v1,GCF_002904085.1,GCF_002904085.1,ASM290408v1,Pectobacterium odoriferum,OK,Q106,NA,NA,China,Apium graveolens,NA,2014,YuTian,NA,NA,NCBI,NA,NA
331,GCF_002904055.1_ASM290405v1,GCF_002904055.1,GCF_002904055.1,ASM290405v1,Pectobacterium odoriferum,OK,Q47,NA,NA,China,Apium graveolens,NA,2014,YuTian,NA,NA,NCBI,NA,NA
332,GCF_002904045.1_ASM290404v1,GCF_002904045.1,GCF_002904045.1,ASM290404v1,Pectobacterium odoriferum,OK,Q32,NA,NA,China,celery,NA,2014,Y.L. Ma,NA,NA,NCBI,NA,NA
333,GCF_002904005.1_ASM290400v1,GCF_002904005.1,GCF_002904005.1,ASM290400v1,Pectobacterium odoriferum,OK,Q3,NA,NA,China,Apium graveolens,NA,2014,YuTian,NA,NA,NCBI,NA,NA
334,GCF_002904025.1_ASM290402v1,GCF_002904025.1,GCF_002904025.1,ASM290402v1,Pectobacterium odoriferum,OK,Q40,NA,NA,China,celery,NA,2014,Y.L. Ma,NA,NA,NCBI,NA,NA
335,GCF_002847345.1_ASM284734v1,GCF_002847345.1,GCF_002847345.1,ASM284734v1,Pectobacterium peruviense,OK,IFB5232,NA,NA,United States,NA,potato tuber,1979,NA,NA,type strain,NCBI,NA,single cell
336,GCF_002804265.1_ASM280426v1,GCF_002804265.1,GCF_002804265.1,ASM280426v1,Pectobacterium atrosepticum,OK,36A,NA,NA,Belarus,Solanum tuberosum,NA,1978,Anatoli Evtushenkov,NA,NA,NCBI,NA,cell culture
337,GCF_002764035.1_ASM276403v1,GCF_002764035.1,GCF_002764035.1,ASM276403v1,Pectobacterium brasiliense,OK,BZA12,NA,NA,China,cucumber,NA,2015,NA,NA,NA,NCBI,NA,cell culture
338,GCF_002307355.1_ASM230735v1,GCF_002307355.1,GCF_002307355.1,ASM230735v1,Pectobacterium polaris,OK,NIBIO1006,NA,NA,Norway,Solanum tuberosum,NA,2010,NA,NA,type strain,NCBI,NA,tissue sample
339,GCF_002288545.1_ASM228854v1,GCF_002288545.1,GCF_002288545.1,ASM228854v1,Pectobacterium polaris,OK,NIBIO1392,NA,NA,Norway,Solanum tuberosum,NA,2013,NA,NA,NA,NCBI,representative genome,tissue sample
340,GCF_002250255.1_Bf45_V1,GCF_002250255.1,GCF_002250255.1,Bf45_V1,Pectobacterium brasiliense,renamed,BF45,NA,NA,Mexico,Nicotiana sp.,NA,1997,Lourdes Rodriguez,Tobacco plantation,NA,NCBI,NA,Cell culture
341,GCF_002250215.1_101_V1,GCF_002250215.1,GCF_002250215.1,101_V1,Pectobacterium brasiliense,renamed,BF20,NA,NA,Mexico,Opuntia ficus-indica,NA,1997,Hilda Silva,Semi-desertic,NA,NCBI,NA,Cell culture
342,GCF_002068115.1_ASM206811v1,GCF_002068115.1,GCF_002068115.1,ASM206811v1,Pectobacterium brasiliense,OK,SX309,NA,NA,China,cucumber,NA,2015,NA,NA,NA,NCBI,NA,Cell culture
343,GCF_001984535.1_ASM198453v1,GCF_001984535.1,GCF_001984535.1,ASM198453v1,Pectobacterium actinidiae,OK,ICMP 19971,NA,NA,Republic of Korea,Actinidia,NA,2016,NA,NA,NA,NCBI,NA,bacteria
344,GCF_001984525.1_ASM198452v1,GCF_001984525.1,GCF_001984525.1,ASM198452v1,Pectobacterium actinidiae,OK,ICMP 9972,NA,NA,Republic of Korea,Actinidia,NA,2016,NA,NA,NA,NCBI,NA,bacteria
345,GCF_001932635.1_ASM193263v1,GCF_001932635.1,GCF_001932635.1,ASM193263v1,Pectobacterium brasiliense,OK,BC1,NA,NA,China,Chinese Cabbage,NA,2002,NA,plain,NA,NCBI,NA,NA
346,GCF_900129615.1_IMG-taxon_2695420962_annotated_assembly,GCF_900129615.1,GCF_900129615.1,IMG-taxon_2695420962_annotated_assembly,Pectobacterium carotovorum,OK,DSM 30168,NA,NA,NA,NA,NA,NA,NA,NA,type strain,NCBI,NA,NA
347,GCF_001742145.1_ASM174214v1,GCF_001742145.1,GCF_001742145.1,ASM174214v1,Pectobacterium parmentieri,OK,RNS 08-42-1A,NA,NA,France,NA,potato,2008,NA,temperate broadleaf forest,type strain,NCBI,NA,NA
348,GCF_000389755.1_Pa6276v1.0,GCF_000389755.1,GCF_000389755.1,Pa6276v1.0,Pectobacterium atrosepticum,OK,CFBP 6276,NA,NA,France,Solanum tuberosum var. Felsina,stem,1999,NA,NA,NA,NCBI,NA,NA
349,GCA_900005045.1_Polaris_6,GCA_900005045.1,GCA_900005045.1,Polaris_6,Pectobacterium polaris,renamed,Polaris 6,NA,NA,NA,NA,NA,NA,NA,NA,NA,NCBI,NA,NA
350,GCF_000260925.1_ASM26092v1,GCF_000260925.1,GCF_000260925.1,ASM26092v1,Pectobacterium parmentieri,OK,SCC3193,NA,NA,Finland,NA,NA,NA,NA,NA,NA,NCBI,NA,NA
351,GCF_000291725.1_PecWas1.0,GCF_000291725.1,GCF_000291725.1,PecWas1.0,Pectobacterium wasabiae,OK,CFBP 3304,NA,NA,Finland,Eutrema japonicum,root,NA,NA,NA,type strain,NCBI,NA,NA
352,GCF_001238575.1_ASM123857v1,GCF_001238575.1,GCF_001238575.1,ASM123857v1,Pectobacterium brasiliense,OK,BD255,NA,NA,South Africa,Potato,NA,2011,NA,NA,NA,NCBI,NA,cell culture
353,GCF_000294535.1_ASM29453v1,GCF_000294535.1,GCF_000294535.1,ASM29453v1,Pectobacterium brasiliense,renamed,PCC21,NA,NA,NA,NA,NA,NA,NA,NA,NA,NCBI,NA,NA
354,GCF_001039055.1_ASM103905v1,GCF_001039055.1,GCF_001039055.1,ASM103905v1,Pectobacterium carotovorum,OK,ICMP 5702,NA,NA,Denmark,potato,NA,NA,NA,NA,type strain,NCBI,NA,DNA
355,GCF_001039065.1_ASM103906v1,GCF_001039065.1,GCF_001039065.1,ASM103906v1,Pectobacterium peruviense,OK,UGC32,NA,NA,Peru,potato,NA,NA,NA,NA,NA,NCBI,representative genome,DNA
356,GCF_001038675.1_ASM103867v1,GCF_001038675.1,GCF_001038675.1,ASM103867v1,Pectobacterium brasiliense,OK,ICMP 19477,NA,NA,New Zealand,NA,potato,2004,NA,NA,NA,NCBI,NA,NA
357,GCF_000808195.1_ASM80819v1,GCF_000808195.1,GCF_000808195.1,ASM80819v1,Pectobacterium brasiliense,OK,Y64,NA,NA,China,Brassica rapa ssp. chinensis,infected leaves,2013,NA,NA,NA,NCBI,NA,whole organism
358,GCF_000808295.1_ASM80829v1,GCF_000808295.1,GCF_000808295.1,ASM80829v1,Pectobacterium brasiliense,OK,Y31,NA,NA,China,Brassica rapa ssp. chinensis,infected leaves,2013,NA,NA,NA,NCBI,NA,whole organism
359,GCF_000808315.1_ASM80831v1,GCF_000808315.1,GCF_000808315.1,ASM80831v1,Pectobacterium brasiliense,OK,Y3,NA,NA,China,Brassica rapa ssp. chinensis,infected leaves,2013,NA,NA,NA,NCBI,NA,whole organism
360,GCF_000808335.1_ASM80833v1,GCF_000808335.1,GCF_000808335.1,ASM80833v1,Pectobacterium brasiliense,OK,Y65,NA,NA,China,Brassica rapa ssp. chinensis,infected leaves,2013,NA,NA,NA,NCBI,NA,whole organism
361,GCF_000808515.1_ASM80851v1,GCF_000808515.1,GCF_000808515.1,ASM80851v1,Pectobacterium carotovorum,OK,B5,NA,NA,China,Brassica rapa ssp. pekinensis (Chinese cabbage),infected leaves,2013,NA,NA,NA,NCBI,NA,whole organism
362,GCF_000808495.1_ASM80849v1,GCF_000808495.1,GCF_000808495.1,ASM80849v1,Pectobacterium carotovorum,OK,B2,NA,NA,China,Brassica rapa ssp. pekinensis (Chinese cabbage),infected leaves,2013,NA,NA,NA,NCBI,NA,whole organism
363,GCF_000808475.1_ASM80847v1,GCF_000808475.1,GCF_000808475.1,ASM80847v1,Pectobacterium carotovorum,OK,Y39,NA,NA,China,Brassica rapa ssp. chinensis,infected leaves,2013,NA,NA,NA,NCBI,NA,whole organism
364,GCF_000808455.1_ASM80845v1,GCF_000808455.1,GCF_000808455.1,ASM80845v1,Pectobacterium brasiliense,OK,Y60,NA,NA,China,Brassica rapa ssp. chinensis,infected leaves,2013,NA,NA,NA,NCBI,NA,whole organism
365,GCF_000808435.1_ASM80843v1,GCF_000808435.1,GCF_000808435.1,ASM80843v1,Pectobacterium carotovorum,OK,Y16,NA,NA,China,Brassica rapa ssp. chinensis,infected leaves,2013,NA,NA,NA,NCBI,NA,whole organism
366,GCF_000808375.1_ASM80837v1,GCF_000808375.1,GCF_000808375.1,ASM80837v1,Pectobacterium brasiliense,OK,S2,NA,NA,China,Brassica rapa ssp. pekinensis (Chinese cabbage),infected leaves,2007,NA,NA,NA,NCBI,NA,whole organism
367,GCF_000808385.1_ASM80838v1,GCF_000808385.1,GCF_000808385.1,ASM80838v1,Pectobacterium brasiliense,OK,Y52,NA,NA,China,Brassica rapa ssp. chinensis,infected leaves,2013,NA,NA,NA,NCBI,NA,whole organism
368,GCF_000808355.1_ASM80835v1,GCF_000808355.1,GCF_000808355.1,ASM80835v1,Pectobacterium brasiliense,OK,B6,NA,NA,China,Brassica rapa ssp. pekinensis (Chinese cabbage),infected leaves,2013,NA,NA,NA,NCBI,NA,whole organism
369,GCF_000808255.1_ASM80825v1,GCF_000808255.1,GCF_000808255.1,ASM80825v1,Pectobacterium brasiliense,OK,Y46,NA,NA,China,Brassica rapa ssp. chinensis,infected leaves,2013,NA,NA,NA,NCBI,NA,whole organism
370,GCF_000808235.1_ASM80823v1,GCF_000808235.1,GCF_000808235.1,ASM80823v1,Pectobacterium brasiliense,OK,Y21,NA,NA,China,Brassica rapa ssp. chinensis,infected leaves,2013,NA,NA,NA,NCBI,NA,whole organism
371,GCF_000808245.1_ASM80824v1,GCF_000808245.1,GCF_000808245.1,ASM80824v1,Pectobacterium brasiliense,OK,Y29,NA,NA,China,Brassica rapa ssp. chinensis,infected leaves,2013,NA,NA,NA,NCBI,NA,whole organism
372,GCF_000808145.1_ASM80814v1,GCF_000808145.1,GCF_000808145.1,ASM80814v1,Pectobacterium brasiliense,OK,Y62,NA,NA,China,Brassica rapa ssp. chinensis,infected leaves,2013,NA,NA,NA,NCBI,NA,whole organism
373,GCF_000808115.1_ASM80811v1,GCF_000808115.1,GCF_000808115.1,ASM80811v1,Pectobacterium brasiliense,OK,Y49,NA,NA,China,Brassica rapa ssp. chinensis,infected leaves,2013,NA,NA,NA,NCBI,NA,whole organism
374,GCF_000803315.1_ASM80331v1,GCF_000803315.1,GCF_000803315.1,ASM80331v1,Pectobacterium actinidiae,OK,KKH3,NA,NA,Republic of Korea,NA,kiwi fruit,2006,NA,NA,type strain,NCBI,representative genome,NA
375,GCF_000803215.1_ASM80321v1,GCF_000803215.1,GCF_000803215.1,ASM80321v1,Pectobacterium fontis,OK,M022,NA,NA,Malaysia,NA,waterfall,2013,Wen-Si Tan,NA,type strain,NCBI,representative genome,NA
376,GCF_000757625.1_PecWasRNS_1.0,GCF_000757625.1,GCF_000757625.1,PecWasRNS_1.0,Pectobacterium parmentieri,OK,RNS 08-42-1A,NA,NA,France,NA,potato,2008,NA,temperate broadleaf forest,type strain,NCBI,NA,NA
377,GCF_000754765.1_ASM75476v1,GCF_000754765.1,GCF_000754765.1,ASM75476v1,Pectobacterium odoriferum,OK,NCPPB 3839,NA,NA,France,Cichorium intybus,NA,1978,NA,NA,type strain,NCBI,NA,NA
378,GCF_000754715.1_ASM75471v1,GCF_000754715.1,GCF_000754715.1,ASM75471v1,Pectobacterium odoriferum,OK,NCPPB 3841,NA,NA,France,Cichorium intybus,NA,1979,NA,NA,NA,NCBI,NA,NA
379,GCF_000754695.1_ASM75469v1,GCF_000754695.1,GCF_000754695.1,ASM75469v1,Pectobacterium brasiliense,OK,LMG 21371,NA,NA,Brazil,Solanum tuberosum,Rio Grande do Sul,2002,NA,NA,type strain,NCBI,NA,NA
380,GCF_000754705.1_ASM75470v1,GCF_000754705.1,GCF_000754705.1,ASM75470v1,Pectobacterium brasiliense,OK,LMG 21372,NA,NA,Brazil,Solanum tuberosum,Ria Grande do Sul,2002,NA,NA,NA,NCBI,NA,NA
381,GCF_000754685.1_ASM75468v1,GCF_000754685.1,GCF_000754685.1,ASM75468v1,Pectobacterium wasabiae,OK,NCPPB 3702,NA,NA,Japan,Eutrema japonicum,NA,1987,NA,NA,NA,NCBI,NA,NA
382,GCF_000749965.1_ASM74996v1,GCF_000749965.1,GCF_000749965.1,ASM74996v1,Pectobacterium atrosepticum,OK,NCPPB 3404,NA,NA,Canada,Solanum tuberosum,NA,1977,NA,NA,NA,NCBI,NA,NA
383,GCF_000749925.1_ASM74992v1,GCF_000749925.1,GCF_000749925.1,ASM74992v1,Pectobacterium betavasculorum,OK,NCPPB 2793,NA,NA,United States,Beta vulgaris,NA,1975,NA,NA,NA,NCBI,NA,NA
384,GCF_000749915.1_ASM74991v1,GCF_000749915.1,GCF_000749915.1,ASM74991v1,Pectobacterium parvum,OK,NCPPB 3395,NA,NA,Netherlands,Solanum tuberosum,NA,1985,NA,NA,NA,NCBI,NA,NA
385,GCF_000749905.1_ASM74990v1,GCF_000749905.1,GCF_000749905.1,ASM74990v1,Pectobacterium atrosepticum,OK,NCPPB 549,NA,NA,United Kingdom,Solanum tuberosum,NA,1958,NA,NA,type strain,NCBI,NA,NA
386,GCF_000749845.1_ASM74984v1,GCF_000749845.1,GCF_000749845.1,ASM74984v1,Pectobacterium betavasculorum,OK,NCPPB 2795,NA,NA,United States,Beta vulgaris,NA,1972,NA,NA,type strain,NCBI,representative genome,NA
387,GCF_000749865.1_ASM74986v1,GCF_000749865.1,GCF_000749865.1,ASM74986v1,Pectobacterium wasabiae,OK,NCPPB 3701,NA,NA,Japan,Eutrema japonicum,NA,1990,NA,NA,type strain,NCBI,NA,NA
388,GCF_000749855.1_ASM74985v1,GCF_000749855.1,GCF_000749855.1,ASM74985v1,Pectobacterium carotovorum,OK,NCPPB 312,NA,NA,Denmark,Solanum tuberosum,NA,1952,NA,NA,type strain,NCBI,NA,NA
389,GCF_000740965.1_ASM74096v1,GCF_000740965.1,GCF_000740965.1,ASM74096v1,Pectobacterium atrosepticum,OK,21A,NA,NA,Belarus,Solanum tuberosum,potato stems,1978,Anatoli Evtushenkov,NA,NA,NCBI,representative genome,NA
390,GCF_000738115.1_ASM73811v1,GCF_000738115.1,GCF_000738115.1,ASM73811v1,Pectobacterium brasiliense,OK,CFIA1001,NA,NA,Canada,potato,potato stem,2007,NA,NA,NA,NCBI,NA,NA
391,GCF_000738125.1_ASM73812v1,GCF_000738125.1,GCF_000738125.1,ASM73812v1,Pectobacterium brasiliense,corrected,CFIA1033,NA,NA,Canada,potato,potato stem,2009,NA,NA,NA,NCBI,NA,NA
392,GCF_000696465.1_ASM69646v1,GCF_000696465.1,GCF_000696465.1,ASM69646v1,Pectobacterium atrosepticum,OK,JG10-08,NA,NA,China,Solanum tuberosum,black leg symptoms of Solanum tuberosum,2010,NA,NA,NA,NCBI,NA,NA
393,GCF_000632375.1_Pectobacterium_wasabiae_CFIA1002,GCF_000632375.1,GCF_000632375.1,Pectobacterium_wasabiae_CFIA1002,Pectobacterium parmentieri,OK,CFIA1002,NA,NA,Canada,potato,NONE,2007,NA,NA,NA,NCBI,NA,NA
394,GCF_000024645.1_ASM2464v1,GCF_000024645.1,GCF_000024645.1,ASM2464v1,Pectobacterium parmentieri,OK,WPP163,NA,NA,NA,NA,NA,NA,NA,NA,NA,NCBI,NA,NA
395,GCF_000023605.1_ASM2360v1,GCF_000023605.1,GCF_000023605.1,ASM2360v1,Pectobacterium aroidearum,renamed,PC1,NA,NA,NA,NA,NA,NA,NA,NA,NA,NCBI,NA,NA
396,GCF_000011605.1_ASM1160v1,GCF_000011605.1,GCF_000011605.1,ASM1160v1,Pectobacterium atrosepticum,OK,NA,NA,NA,NA,NA,NA,1985,NA,NA,NA,NCBI,NA,NA
397,JGAR-030718-1,JGAR-030718-1,NA,NA,Pectobacterium brasiliense,OK,JGAR-030718-1,virulent,negative,Netherlands,Solanum tuberosum,Symptomatic Potato Stem,2018,NA,NA,NA,NAK,NA,NA
398,JGAR-080719-2,JGAR-080719-2,NA,NA,Pectobacterium brasiliense,OK,JGAR-080719-2,virulent,negative,Netherlands,Solanum tuberosum,Symptomatic Potato Stem,2019,NA,NA,NA,NAK,NA,NA
399,JGAR-100719-1,JGAR-100719-1,NA,NA,Pectobacterium brasiliense,OK,JGAR-100719-1,virulent,negative,Netherlands,Solanum tuberosum,Symptomatic Potato Stem,2019,NA,NA,NA,NAK,NA,NA
400,JGAR-120719-4,JGAR-120719-4,NA,NA,Pectobacterium brasiliense,OK,JGAR-120719-4,virulent,negative,Netherlands,Solanum tuberosum,Symptomatic Potato Stem,2019,NA,NA,NA,NAK,NA,NA
401,NAK238,NAK238,NA,NA,Pectobacterium brasiliense,OK,NAK238,avirulent,positive,Netherlands,Solanum tuberosum,Asymptomatic Potato Heel end,2016,NA,NA,NA,NAK,NA,NA
402,NAK246,NAK246,NA,NA,Pectobacterium brasiliense,OK,NAK246,avirulent,positive,Netherlands,Solanum tuberosum,Asymptomatic Potato Heel end,2016,NA,NA,NA,NAK,NA,NA
403,NAK616,NAK616,NA,NA,Pectobacterium brasiliense,OK,NAK616,virulent,negative,Netherlands,Solanum tuberosum,Symptomatic Potato Stem,2019,NA,NA,NA,NAK,NA,NA
404,NAK617,NAK617,NA,NA,Pectobacterium brasiliense,OK,NAK617,virulent,negative,Netherlands,Solanum tuberosum,Symptomatic Potato Stem,2019,NA,NA,NA,NAK,NA,NA
405,NAK638,NAK638,NA,NA,Pectobacterium brasiliense,OK,NAK638,NA,negative,Netherlands,Solanum tuberosum,Symptomatic Potato Stem,2019,NA,NA,NA,NAK,NA,NA
406,NAK641,NAK641,NA,NA,Pectobacterium brasiliense,OK,NAK641,virulent,negative,Netherlands,Solanum tuberosum,Symptomatic Potato Stem,2019,NA,NA,NA,NAK,NA,NA
407,NAK644,NAK644,NA,NA,Pectobacterium brasiliense,OK,NAK644,virulent,negative,Netherlands,Solanum tuberosum,Symptomatic Potato Stem,2019,NA,NA,NA,NAK,NA,NA
408,NAK650,NAK650,NA,NA,Pectobacterium brasiliense,OK,NAK650,virulent,negative,Netherlands,Solanum tuberosum,Symptomatic Potato Stem,2019,NA,NA,NA,NAK,NA,NA
409,NAK673,NAK673,NA,NA,Pectobacterium brasiliense,OK,NAK673,NA,negative,Netherlands,Solanum tuberosum,Asymptomatic Potato Peel,2020,NA,NA,NA,NAK,NA,NA
410,NAK679,NAK679,NA,NA,Pectobacterium brasiliense,OK,NAK679,avirulent,negative,Netherlands,Solanum tuberosum,Asymptomatic Potato Peel,2020,NA,NA,NA,NAK,NA,NA
411,NAK682,NAK682,NA,NA,Pectobacterium brasiliense,OK,NAK682,virulent,positive,Netherlands,Solanum tuberosum,Asymptomatic Potato Peel,2020,NA,NA,NA,NAK,NA,NA
412,NAK683,NAK683,NA,NA,Pectobacterium brasiliense,OK,NAK683,virulent,negative,Netherlands,Solanum tuberosum,Asymptomatic Potato Peel,2020,NA,NA,NA,NAK,NA,NA
413,NAK698,NAK698,NA,NA,Pectobacterium brasiliense,OK,NAK698,NA,positive,Netherlands,Solanum tuberosum,Asymptomatic Potato Peel,2020,NA,NA,NA,NAK,NA,NA
414,NAK700,NAK700,NA,NA,Pectobacterium brasiliense,OK,NAK700,avirulent,negative,Netherlands,Solanum tuberosum,Asymptomatic Potato Peel,2020,NA,NA,NA,NAK,NA,NA
415,NAK701,NAK701,NA,NA,Pectobacterium brasiliense,OK,NAK701,virulent,positive,Netherlands,Solanum tuberosum,Asymptomatic Potato Peel,2020,NA,NA,NA,NAK,NA,NA
416,NAK709,NAK709,NA,NA,Pectobacterium brasiliense,OK,NAK709,avirulent,negative,Netherlands,Solanum tuberosum,Asymptomatic Potato Peel,2020,NA,NA,NA,NAK,NA,NA
417,NAK716,NAK716,NA,NA,Pectobacterium brasiliense,OK,NAK716,avirulent,negative,Netherlands,Solanum tuberosum,Asymptomatic Potato Peel,2020,NA,NA,NA,NAK,NA,NA
418,NAK719,NAK719,NA,NA,Pectobacterium brasiliense,OK,NAK719,NA,positive,Netherlands,Solanum tuberosum,Asymptomatic Potato Peel,2020,NA,NA,NA,NAK,NA,NA
419,NAK727,NAK727,NA,NA,Pectobacterium brasiliense,OK,NAK727,avirulent,negative,Netherlands,Solanum tuberosum,Asymptomatic Potato Peel,2020,NA,NA,NA,NAK,NA,NA
420,104326-106-001,104326-106-001,NA,NA,Pectobacterium carotovorum,OK,K3536,NA,NA,Netherlands,Kalanchoe,NA,1997,NA,NA,NA,NVWA,NA,NA
421,104326-106-002,104326-106-002,NA,NA,Pectobacterium carotovorum subsp. carotovorum,NA,K3539,NA,NA,Netherlands,Spathiphyllum,NA,2003,NA,NA,NA,NVWA,NA,NA
422,104326-106-003,104326-106-003,NA,NA,Pectobacterium odoriferum,OK,K3542,NA,NA,Netherlands,Delphinium,NA,2003,NA,NA,NA,NVWA,NA,NA
423,104326-106-004,104326-106-004,NA,NA,Pectobacterium polonicum,OK,K3545,NA,NA,Netherlands,Calathea,NA,2004,NA,NA,NA,NVWA,NA,NA
424,104326-106-005,104326-106-005,NA,NA,Pectobacterium versatile,OK,K3549,NA,NA,Netherlands,Cyclamen,NA,2004,NA,NA,NA,NVWA,NA,NA
425,104326-106-006,104326-106-006,NA,NA,Pectobacterium aroidearum,renamed,K3550,NA,NA,NA,Lactuca,NA,2004,NA,NA,NA,NVWA,NA,NA
426,104326-106-007,104326-106-007,NA,NA,Pectobacterium brasiliense,OK,K3552,NA,NA,Netherlands,Lycopersicon esculentum,NA,2004,NA,NA,NA,NVWA,NA,NA
427,104326-106-008,104326-106-008,NA,NA,Pectobacterium brasiliense,OK,K3554,NA,NA,Netherlands,Osteospermum,NA,2004,NA,NA,NA,NVWA,NA,NA
428,104326-106-023,104326-106-023,NA,NA,Pectobacterium punjabense,OK,PD5156,NA,NA,Netherlands,Anubias barteri,NA,2005,NA,NA,NA,NVWA,NA,NA
429,104326-106-025,104326-106-025,NA,NA,Pectobacterium brasiliense,OK,PD5190,NA,NA,Netherlands,Ornithogalum,NA,2005,NA,NA,NA,NVWA,NA,NA
430,104326-106-028,104326-106-028,NA,NA,Pectobacterium parmentieri,OK,PD5801,NA,NA,Netherlands,Solanum tuberosum,NA,2009,NA,NA,NA,NVWA,NA,NA
431,104326-106-043,104326-106-043,NA,NA,Pectobacterium carotovorum subsp. carotovorum,NA,PD6523,NA,NA,Guatemala,Yucca gigantea,NA,2013,NA,NA,NA,NVWA,NA,NA
432,104326-106-045,104326-106-045,NA,NA,Pectobacterium odoriferum,OK,PD6860,NA,NA,Netherlands,Daucus carota,NA,2014,NA,NA,NA,NVWA,NA,NA
433,104326-106-047,104326-106-047,NA,NA,Pectobacterium brasiliense,OK,PD6952,NA,NA,Netherlands,Cucumis sativus,NA,2014,NA,NA,NA,NVWA,NA,NA
434,104326-106-048,104326-106-048,NA,NA,Pectobacterium odoriferum,OK,PD6958,NA,NA,Netherlands,Hyacinthus,NA,2014,NA,NA,NA,NVWA,NA,NA
435,104326-106-049,104326-106-049,NA,NA,Pectobacterium aroidearum,renamed,PD6993,NA,NA,Suriname,Solanum melongena,NA,2014,NA,NA,NA,NVWA,NA,NA
436,104326-106-050,104326-106-050,NA,NA,Pectobacterium versatile,OK,PD6994,NA,NA,Netherlands,Brassica oleracea,NA,2014,NA,NA,NA,NVWA,NA,NA
437,104326-106-051,104326-106-051,NA,NA,Pectobacterium aroidearum,renamed,PD6997,NA,NA,Netherlands,Zantedeschia albomaculata,NA,2014,NA,NA,NA,NVWA,NA,NA
438,104326-106-052,104326-106-052,NA,NA,Pectobacterium brasiliense,renamed,PD7079,NA,NA,South Africa,Cucurbita pepo,NA,2014,NA,NA,NA,NVWA,NA,NA
439,104326-106-053,104326-106-053,NA,NA,Pectobacterium brasiliense,OK,PD7081,NA,NA,Netherlands,Solanum torvum,NA,2015,NA,NA,NA,NVWA,NA,NA
440,104326-106-054,104326-106-054,NA,NA,Pectobacterium zantedeschiae,OK,PD7096,NA,NA,Netherlands,Zantedeschia,NA,2015,NA,NA,NA,NVWA,NA,NA
441,104326-106-055,104326-106-055,NA,NA,Pectobacterium aroidearum,renamed,PD7231,NA,NA,Netherlands,Euphorbia neomontana,NA,2016,NA,NA,NA,NVWA,NA,NA
442,104326-106-056,104326-106-056,NA,NA,Pectobacterium carotovorum subsp. carotovorum,NA,PD7232,NA,NA,Netherlands,Dracaena,NA,2015,NA,NA,NA,NVWA,NA,NA
443,104326-106-057,104326-106-057,NA,NA,Pectobacterium polaris,OK,PD7233,NA,NA,Netherlands,Brassica oleracea,NA,2015,NA,NA,NA,NVWA,NA,NA
444,104326-106-058,104326-106-058,NA,NA,Pectobacterium carotovorum subsp. carotovorum,NA,PD7236,NA,NA,China,Sansevieria trifasciata,NA,2016,NA,NA,NA,NVWA,NA,NA
445,104326-106-059,104326-106-059,NA,NA,Pectobacterium aroidearum,renamed,PD7271,NA,NA,Netherlands,Zantedeschia,NA,2016,NA,NA,NA,NVWA,NA,NA
446,104326-106-061,104326-106-061,NA,NA,Pectobacterium polaris,OK,PD7434,NA,NA,Netherlands,Cucurbita pepo,NA,2018,NA,NA,NA,NVWA,NA,NA
447,104326-106-064,104326-106-064,NA,NA,Pectobacterium versatile,OK,PD7537,NA,NA,Netherlands,Hyacinthus,NA,2019,NA,NA,NA,NVWA,NA,NA
448,104326-106-069,104326-106-069,NA,NA,Pectobacterium versatile,OK,PD7836,NA,NA,Netherlands,Allium stipitatum,NA,2020,NA,NA,NA,NVWA,NA,NA
449,104326-106-072,104326-106-072,NA,NA,Pectobacterium actinidiae,OK,PD7900,NA,NA,India,Dolichos,NA,2020,NA,NA,NA,NVWA,NA,NA
450,104326-106-073,104326-106-073,NA,NA,Pectobacterium aroidearum,OK,PD8061,NA,NA,NA,NA,NA,NA,NA,NA,type strain,NVWA,NA,NA
451,104326-106-074,104326-106-074,NA,NA,Pectobacterium cacticida,OK,PD8066,NA,NA,NA,NA,NA,NA,NA,NA,type strain,NVWA,NA,NA
452,104326-106-075,104326-106-075,NA,NA,Pectobacterium parmentieri,OK,PD8070,NA,NA,NA,NA,NA,NA,NA,NA,type strain,NVWA,NA,NA
453,104326-106-076,104326-106-076,NA,NA,Pectobacterium parvum,OK,PD8074,NA,NA,NA,NA,NA,NA,NA,NA,type strain,NVWA,NA,NA
454,104326-106-079,104326-106-079,NA,NA,Pectobacterium polaris,OK,PD8141,NA,NA,NA,NA,NA,NA,NA,NA,type strain,NVWA,NA,NA
