Genome,brasiliense_clade,virulent_Pbrasiliense,assay_FN,assay_TP_vs_Pbr,assay_TP_vs_avirulent_Pbr,assay_FN_vs_TP,NL_Pbr_vs_Pbr,polaris_clade,polaris_outlier_cmp,parvum_clade,quasiaquaticum_clade,aquaticum_clade,versatile_clade,versatile_clade2,carotovorum_clade,carotovorum_outlier_cmp,odoriferum_clade,actinidiae_clade,aroidearum_clade,new_species_clade,new_species_vs_aroidearum,parmentieri_clade,wasabiae_clade,punjabense_clade,polonicum_clade,atrosepticum_clade,peruviense_clade,zantedeschiae_clade,betavasculorum_clade,cacticida_genome,fontis_genome,carotovorum_outlier,colocasium_genome
1,N,NA,NA,NA,NA,NA,NA,N,NA,N,N,N,N,N,carotovorum_clade,N,N,N,N,N,NA,N,N,N,N,N,N,N,N,N,N,N,N
2,N,NA,NA,NA,NA,NA,NA,N,NA,N,N,N,N,N,N,NA,N,N,aroidearum_clade,N,N,N,N,N,N,N,N,N,N,N,N,N,N
3,N,NA,NA,NA,NA,NA,NA,N,NA,N,N,N,N,N,N,NA,N,N,aroidearum_clade,N,N,N,N,N,N,N,N,N,N,N,N,N,N
4,N,NA,NA,NA,NA,NA,NA,N,NA,N,N,N,N,N,N,NA,N,N,aroidearum_clade,N,N,N,N,N,N,N,N,N,N,N,N,N,N
5,N,NA,NA,NA,NA,NA,NA,N,NA,N,N,N,N,N,N,NA,N,N,aroidearum_clade,N,N,N,N,N,N,N,N,N,N,N,N,N,N
6,N,NA,NA,NA,NA,NA,NA,N,NA,N,N,N,N,N,N,NA,N,N,aroidearum_clade,N,N,N,N,N,N,N,N,N,N,N,N,N,N
7,N,NA,NA,NA,NA,NA,NA,N,NA,N,N,N,N,N,N,NA,N,N,aroidearum_clade,N,N,N,N,N,N,N,N,N,N,N,N,N,N
8,N,NA,NA,NA,NA,NA,NA,N,NA,N,N,N,N,N,N,NA,N,N,aroidearum_clade,N,N,N,N,N,N,N,N,N,N,N,N,N,N
9,N,NA,NA,NA,NA,NA,NA,N,NA,N,N,N,N,N,N,NA,N,N,aroidearum_clade,N,N,N,N,N,N,N,N,N,N,N,N,N,N
10,N,NA,NA,NA,NA,NA,NA,N,NA,N,N,N,N,N,N,NA,N,N,aroidearum_clade,N,N,N,N,N,N,N,N,N,N,N,N,N,N
11,N,NA,NA,NA,NA,NA,NA,N,NA,N,N,N,N,N,carotovorum_clade,N,N,N,N,N,NA,N,N,N,N,N,N,N,N,N,N,N,N
12,N,NA,NA,NA,NA,NA,NA,N,NA,N,N,N,versatile_clade,versatile_clade2,N,NA,N,N,N,N,NA,N,N,N,N,N,N,N,N,N,N,N,N
13,brasiliense_clade,virulent_Pbrasiliense,N,assay_TP_vs_Pbr,assay_TP_vs_avirulent_Pbr,N,NL_Pbr_vs_Pbr,N,NA,N,N,N,N,N,N,NA,N,N,N,N,NA,N,N,N,N,N,N,N,N,N,N,N,N
14,N,NA,NA,NA,NA,NA,NA,N,NA,N,N,N,N,N,N,NA,N,N,N,N,NA,N,N,N,polonicum_clade,N,N,N,N,N,N,N,N
15,N,NA,NA,NA,NA,NA,NA,N,NA,N,N,N,N,N,N,carotovorum_outlier_cmp,N,N,N,N,NA,N,N,N,N,N,N,N,N,N,N,carotovorum_outlier,N
16,N,NA,NA,NA,NA,NA,NA,N,NA,N,N,N,N,N,carotovorum_clade,N,N,N,N,N,NA,N,N,N,N,N,N,N,N,N,N,N,N
17,N,NA,NA,NA,NA,NA,NA,N,NA,N,N,N,N,N,N,NA,odoriferum_clade,N,N,N,NA,N,N,N,N,N,N,N,N,N,N,N,N
18,N,NA,NA,NA,NA,NA,NA,N,NA,N,N,N,versatile_clade,versatile_clade2,N,NA,N,N,N,N,NA,N,N,N,N,N,N,N,N,N,N,N,N
19,N,NA,NA,NA,NA,NA,NA,N,NA,parvum_clade,N,N,N,N,N,NA,N,N,N,N,NA,N,N,N,N,N,N,N,N,N,N,N,N
20,N,NA,NA,NA,NA,NA,NA,N,NA,N,N,N,N,N,N,NA,N,actinidiae_clade,N,N,NA,N,N,N,N,N,N,N,N,N,N,N,N
21,N,NA,NA,NA,NA,NA,NA,N,NA,N,N,N,N,N,N,NA,N,N,N,N,NA,N,N,punjabense_clade,N,N,N,N,N,N,N,N,N
22,N,NA,NA,NA,NA,NA,NA,N,NA,N,N,N,N,N,carotovorum_clade,N,N,N,N,N,NA,N,N,N,N,N,N,N,N,N,N,N,N
23,N,NA,NA,NA,NA,NA,NA,N,NA,N,N,N,N,N,N,NA,odoriferum_clade,N,N,N,NA,N,N,N,N,N,N,N,N,N,N,N,N
24,brasiliense_clade,N,N,N,N,NA,NL_Pbr_vs_Pbr,N,NA,N,N,N,N,N,N,NA,N,N,N,N,NA,N,N,N,N,N,N,N,N,N,N,N,N
25,N,NA,NA,NA,NA,NA,NA,N,NA,N,N,N,N,N,N,NA,N,N,aroidearum_clade,N,N,N,N,N,N,N,N,N,N,N,N,N,N
26,N,NA,NA,NA,NA,NA,NA,N,NA,N,N,N,N,N,carotovorum_clade,N,N,N,N,N,NA,N,N,N,N,N,N,N,N,N,N,N,N
27,N,NA,NA,NA,NA,NA,NA,N,NA,N,N,N,N,N,N,NA,N,N,N,N,NA,N,N,N,N,atrosepticum_clade,N,N,N,N,N,N,N
28,N,NA,NA,NA,NA,NA,NA,N,NA,N,N,N,versatile_clade,versatile_clade2,N,NA,N,N,N,N,NA,N,N,N,N,N,N,N,N,N,N,N,N
29,brasiliense_clade,N,N,N,N,NA,NL_Pbr_vs_Pbr,N,NA,N,N,N,N,N,N,NA,N,N,N,N,NA,N,N,N,N,N,N,N,N,N,N,N,N
30,N,NA,NA,NA,NA,NA,NA,N,NA,N,N,N,versatile_clade,versatile_clade2,N,NA,N,N,N,N,NA,N,N,N,N,N,N,N,N,N,N,N,N
31,N,NA,NA,NA,NA,NA,NA,N,NA,N,quasiaquaticum_clade,N,N,N,N,NA,N,N,N,N,NA,N,N,N,N,N,N,N,N,N,N,N,N
32,N,NA,NA,NA,NA,NA,NA,N,NA,N,quasiaquaticum_clade,N,N,N,N,NA,N,N,N,N,NA,N,N,N,N,N,N,N,N,N,N,N,N
33,N,NA,NA,NA,NA,NA,NA,N,NA,N,N,N,versatile_clade,versatile_clade2,N,NA,N,N,N,N,NA,N,N,N,N,N,N,N,N,N,N,N,N
34,N,NA,NA,NA,NA,NA,NA,N,NA,N,N,N,versatile_clade,versatile_clade2,N,NA,N,N,N,N,NA,N,N,N,N,N,N,N,N,N,N,N,N
35,N,NA,NA,NA,NA,NA,NA,N,NA,N,N,N,N,N,N,NA,N,N,N,N,NA,parmentieri_clade,N,N,N,N,N,N,N,N,N,N,N
36,N,NA,NA,NA,NA,NA,NA,N,NA,N,N,N,versatile_clade,versatile_clade2,N,NA,N,N,N,N,NA,N,N,N,N,N,N,N,N,N,N,N,N
37,N,NA,NA,NA,NA,NA,NA,N,NA,N,N,N,versatile_clade,versatile_clade2,N,NA,N,N,N,N,NA,N,N,N,N,N,N,N,N,N,N,N,N
38,N,NA,NA,NA,NA,NA,NA,N,NA,N,N,N,N,N,N,NA,N,N,N,N,NA,parmentieri_clade,N,N,N,N,N,N,N,N,N,N,N
39,N,NA,NA,NA,NA,NA,NA,N,NA,N,N,N,versatile_clade,versatile_clade2,N,NA,N,N,N,N,NA,N,N,N,N,N,N,N,N,N,N,N,N
40,N,NA,NA,NA,NA,NA,NA,polaris_clade,N,N,N,N,N,N,N,NA,N,N,N,N,NA,N,N,N,N,N,N,N,N,N,N,N,N
41,N,NA,NA,NA,NA,NA,NA,polaris_clade,N,N,N,N,N,N,N,NA,N,N,N,N,NA,N,N,N,N,N,N,N,N,N,N,N,N
42,brasiliense_clade,N,N,N,N,NA,N,N,NA,N,N,N,N,N,N,NA,N,N,N,N,NA,N,N,N,N,N,N,N,N,N,N,N,N
43,brasiliense_clade,N,N,N,N,NA,N,N,NA,N,N,N,N,N,N,NA,N,N,N,N,NA,N,N,N,N,N,N,N,N,N,N,N,N
44,N,NA,NA,NA,NA,NA,NA,polaris_clade,N,N,N,N,N,N,N,NA,N,N,N,N,NA,N,N,N,N,N,N,N,N,N,N,N,N
45,N,NA,NA,NA,NA,NA,NA,N,NA,N,N,N,versatile_clade,versatile_clade2,N,NA,N,N,N,N,NA,N,N,N,N,N,N,N,N,N,N,N,N
46,N,NA,NA,NA,NA,NA,NA,polaris_clade,N,N,N,N,N,N,N,NA,N,N,N,N,NA,N,N,N,N,N,N,N,N,N,N,N,N
47,N,NA,NA,NA,NA,NA,NA,N,NA,N,N,N,versatile_clade,versatile_clade2,N,NA,N,N,N,N,NA,N,N,N,N,N,N,N,N,N,N,N,N
48,N,NA,NA,NA,NA,NA,NA,N,NA,N,N,N,versatile_clade,versatile_clade2,N,NA,N,N,N,N,NA,N,N,N,N,N,N,N,N,N,N,N,N
49,N,NA,NA,NA,NA,NA,NA,N,NA,N,N,N,versatile_clade,versatile_clade2,N,NA,N,N,N,N,NA,N,N,N,N,N,N,N,N,N,N,N,N
50,N,NA,NA,NA,NA,NA,NA,N,NA,N,N,N,N,N,N,NA,N,N,N,N,NA,N,N,N,N,atrosepticum_clade,N,N,N,N,N,N,N
51,N,NA,NA,NA,NA,NA,NA,N,NA,N,N,N,N,N,N,NA,N,N,N,N,NA,N,N,N,N,atrosepticum_clade,N,N,N,N,N,N,N
52,brasiliense_clade,N,N,N,N,NA,NL_Pbr_vs_Pbr,N,NA,N,N,N,N,N,N,NA,N,N,N,N,NA,N,N,N,N,N,N,N,N,N,N,N,N
53,N,NA,NA,NA,NA,NA,NA,N,NA,N,N,N,versatile_clade,versatile_clade2,N,NA,N,N,N,N,NA,N,N,N,N,N,N,N,N,N,N,N,N
54,N,NA,NA,NA,NA,NA,NA,N,NA,N,N,aquaticum_clade,N,N,N,NA,N,N,N,N,NA,N,N,N,N,N,N,N,N,N,N,N,N
55,N,NA,NA,NA,NA,NA,NA,N,NA,N,N,N,N,N,N,NA,N,N,N,N,NA,N,N,N,N,atrosepticum_clade,N,N,N,N,N,N,N
56,N,NA,NA,NA,NA,NA,NA,N,NA,N,N,N,N,N,carotovorum_clade,N,N,N,N,N,NA,N,N,N,N,N,N,N,N,N,N,N,N
57,N,NA,NA,NA,NA,NA,NA,N,NA,N,N,N,N,N,carotovorum_clade,N,N,N,N,N,NA,N,N,N,N,N,N,N,N,N,N,N,N
58,N,NA,NA,NA,NA,NA,NA,N,NA,N,N,N,N,N,N,NA,odoriferum_clade,N,N,N,NA,N,N,N,N,N,N,N,N,N,N,N,N
59,N,NA,NA,NA,NA,NA,NA,N,NA,N,N,N,versatile_clade,versatile_clade2,N,NA,N,N,N,N,NA,N,N,N,N,N,N,N,N,N,N,N,N
60,brasiliense_clade,N,N,N,N,NA,NL_Pbr_vs_Pbr,N,NA,N,N,N,N,N,N,NA,N,N,N,N,NA,N,N,N,N,N,N,N,N,N,N,N,N
61,N,NA,NA,NA,NA,NA,NA,N,NA,N,N,N,N,N,carotovorum_clade,N,N,N,N,N,NA,N,N,N,N,N,N,N,N,N,N,N,N
62,N,NA,NA,NA,NA,NA,NA,N,NA,N,N,N,versatile_clade,versatile_clade2,N,NA,N,N,N,N,NA,N,N,N,N,N,N,N,N,N,N,N,N
63,brasiliense_clade,virulent_Pbrasiliense,N,assay_TP_vs_Pbr,assay_TP_vs_avirulent_Pbr,N,NL_Pbr_vs_Pbr,N,NA,N,N,N,N,N,N,NA,N,N,N,N,NA,N,N,N,N,N,N,N,N,N,N,N,N
64,brasiliense_clade,N,N,N,N,NA,N,N,NA,N,N,N,N,N,N,NA,N,N,N,N,NA,N,N,N,N,N,N,N,N,N,N,N,N
65,N,NA,NA,NA,NA,NA,NA,N,NA,N,N,N,N,N,N,NA,N,N,N,N,NA,N,N,punjabense_clade,N,N,N,N,N,N,N,N,N
66,N,NA,NA,NA,NA,NA,NA,N,NA,N,N,N,versatile_clade,versatile_clade2,N,NA,N,N,N,N,NA,N,N,N,N,N,N,N,N,N,N,N,N
67,N,NA,NA,NA,NA,NA,NA,N,NA,N,N,N,versatile_clade,versatile_clade2,N,NA,N,N,N,N,NA,N,N,N,N,N,N,N,N,N,N,N,N
68,N,NA,NA,NA,NA,NA,NA,N,NA,N,N,N,versatile_clade,versatile_clade2,N,NA,N,N,N,N,NA,N,N,N,N,N,N,N,N,N,N,N,N
69,N,NA,NA,NA,NA,NA,NA,N,NA,N,N,N,versatile_clade,versatile_clade2,N,NA,N,N,N,N,NA,N,N,N,N,N,N,N,N,N,N,N,N
70,N,NA,NA,NA,NA,NA,NA,N,NA,N,N,N,versatile_clade,versatile_clade2,N,NA,N,N,N,N,NA,N,N,N,N,N,N,N,N,N,N,N,N
71,N,NA,NA,NA,NA,NA,NA,N,NA,N,N,N,versatile_clade,versatile_clade2,N,NA,N,N,N,N,NA,N,N,N,N,N,N,N,N,N,N,N,N
72,N,NA,NA,NA,NA,NA,NA,N,NA,N,N,N,versatile_clade,versatile_clade2,N,NA,N,N,N,N,NA,N,N,N,N,N,N,N,N,N,N,N,N
73,N,NA,NA,NA,NA,NA,NA,N,NA,N,N,N,versatile_clade,versatile_clade2,N,NA,N,N,N,N,NA,N,N,N,N,N,N,N,N,N,N,N,N
74,brasiliense_clade,N,N,N,N,NA,NL_Pbr_vs_Pbr,N,NA,N,N,N,N,N,N,NA,N,N,N,N,NA,N,N,N,N,N,N,N,N,N,N,N,N
75,N,NA,NA,NA,NA,NA,NA,N,NA,N,N,N,versatile_clade,versatile_clade2,N,NA,N,N,N,N,NA,N,N,N,N,N,N,N,N,N,N,N,N
76,N,NA,NA,NA,NA,NA,NA,N,NA,N,N,N,versatile_clade,versatile_clade2,N,NA,N,N,N,N,NA,N,N,N,N,N,N,N,N,N,N,N,N
77,N,NA,NA,NA,NA,NA,NA,N,NA,N,N,N,versatile_clade,versatile_clade2,N,NA,N,N,N,N,NA,N,N,N,N,N,N,N,N,N,N,N,N
78,N,NA,NA,NA,NA,NA,NA,N,NA,N,N,N,versatile_clade,versatile_clade2,N,NA,N,N,N,N,NA,N,N,N,N,N,N,N,N,N,N,N,N
79,N,NA,NA,NA,NA,NA,NA,polaris_clade,N,N,N,N,N,N,N,NA,N,N,N,N,NA,N,N,N,N,N,N,N,N,N,N,N,N
80,N,NA,NA,NA,NA,NA,NA,N,NA,N,N,N,versatile_clade,versatile_clade2,N,NA,N,N,N,N,NA,N,N,N,N,N,N,N,N,N,N,N,N
81,N,NA,NA,NA,NA,NA,NA,N,NA,N,N,N,versatile_clade,versatile_clade2,N,NA,N,N,N,N,NA,N,N,N,N,N,N,N,N,N,N,N,N
82,N,NA,NA,NA,NA,NA,NA,N,NA,N,N,N,versatile_clade,versatile_clade2,N,NA,N,N,N,N,NA,N,N,N,N,N,N,N,N,N,N,N,N
83,N,NA,NA,NA,NA,NA,NA,N,NA,N,N,N,versatile_clade,versatile_clade2,N,NA,N,N,N,N,NA,N,N,N,N,N,N,N,N,N,N,N,N
84,N,NA,NA,NA,NA,NA,NA,N,NA,N,N,N,versatile_clade,versatile_clade2,N,NA,N,N,N,N,NA,N,N,N,N,N,N,N,N,N,N,N,N
85,N,NA,NA,NA,NA,NA,NA,N,NA,N,N,N,versatile_clade,versatile_clade2,N,NA,N,N,N,N,NA,N,N,N,N,N,N,N,N,N,N,N,N
86,N,NA,NA,NA,NA,NA,NA,N,NA,N,N,N,versatile_clade,versatile_clade2,N,NA,N,N,N,N,NA,N,N,N,N,N,N,N,N,N,N,N,N
87,N,NA,NA,NA,NA,NA,NA,N,NA,N,N,N,versatile_clade,versatile_clade2,N,NA,N,N,N,N,NA,N,N,N,N,N,N,N,N,N,N,N,N
88,N,NA,NA,NA,NA,NA,NA,N,NA,N,N,N,versatile_clade,versatile_clade2,N,NA,N,N,N,N,NA,N,N,N,N,N,N,N,N,N,N,N,N
89,N,NA,NA,NA,NA,NA,NA,N,NA,N,N,N,versatile_clade,versatile_clade2,N,NA,N,N,N,N,NA,N,N,N,N,N,N,N,N,N,N,N,N
90,N,NA,NA,NA,NA,NA,NA,N,NA,N,N,N,versatile_clade,versatile_clade2,N,NA,N,N,N,N,NA,N,N,N,N,N,N,N,N,N,N,N,N
91,N,NA,NA,NA,NA,NA,NA,N,NA,N,N,N,versatile_clade,versatile_clade2,N,NA,N,N,N,N,NA,N,N,N,N,N,N,N,N,N,N,N,N
92,N,NA,NA,NA,NA,NA,NA,N,NA,N,N,N,N,N,N,NA,N,N,N,N,NA,N,N,punjabense_clade,N,N,N,N,N,N,N,N,N
93,N,NA,NA,NA,NA,NA,NA,N,NA,N,N,N,N,N,carotovorum_clade,N,N,N,N,N,NA,N,N,N,N,N,N,N,N,N,N,N,N
94,N,NA,NA,NA,NA,NA,NA,N,NA,parvum_clade,N,N,N,N,N,NA,N,N,N,N,NA,N,N,N,N,N,N,N,N,N,N,N,N
95,N,NA,NA,NA,NA,NA,NA,N,NA,N,N,N,versatile_clade,versatile_clade2,N,NA,N,N,N,N,NA,N,N,N,N,N,N,N,N,N,N,N,N
96,N,NA,NA,NA,NA,NA,NA,N,NA,N,N,aquaticum_clade,N,N,N,NA,N,N,N,N,NA,N,N,N,N,N,N,N,N,N,N,N,N
97,brasiliense_clade,N,N,N,N,NA,NL_Pbr_vs_Pbr,N,NA,N,N,N,N,N,N,NA,N,N,N,N,NA,N,N,N,N,N,N,N,N,N,N,N,N
98,N,NA,NA,NA,NA,NA,NA,N,NA,N,N,N,N,N,carotovorum_clade,N,N,N,N,N,NA,N,N,N,N,N,N,N,N,N,N,N,N
99,brasiliense_clade,N,N,N,N,NA,N,N,NA,N,N,N,N,N,N,NA,N,N,N,N,NA,N,N,N,N,N,N,N,N,N,N,N,N
100,N,NA,NA,NA,NA,NA,NA,N,NA,N,N,N,versatile_clade,versatile_clade2,N,NA,N,N,N,N,NA,N,N,N,N,N,N,N,N,N,N,N,N
101,N,NA,NA,NA,NA,NA,NA,N,NA,N,N,N,versatile_clade,versatile_clade2,N,NA,N,N,N,N,NA,N,N,N,N,N,N,N,N,N,N,N,N
102,N,NA,NA,NA,NA,NA,NA,N,NA,N,N,N,N,N,carotovorum_clade,N,N,N,N,N,NA,N,N,N,N,N,N,N,N,N,N,N,N
103,N,NA,NA,NA,NA,NA,NA,polaris_clade,N,N,N,N,N,N,N,NA,N,N,N,N,NA,N,N,N,N,N,N,N,N,N,N,N,N
104,N,NA,NA,NA,NA,NA,NA,N,NA,N,N,N,versatile_clade,versatile_clade2,N,NA,N,N,N,N,NA,N,N,N,N,N,N,N,N,N,N,N,N
105,N,NA,NA,NA,NA,NA,NA,polaris_clade,N,N,N,N,N,N,N,NA,N,N,N,N,NA,N,N,N,N,N,N,N,N,N,N,N,N
106,N,NA,NA,NA,NA,NA,NA,N,NA,N,N,N,N,N,carotovorum_clade,N,N,N,N,N,NA,N,N,N,N,N,N,N,N,N,N,N,N
107,N,NA,NA,NA,NA,NA,NA,N,NA,N,N,N,versatile_clade,versatile_clade2,N,NA,N,N,N,N,NA,N,N,N,N,N,N,N,N,N,N,N,N
108,brasiliense_clade,N,N,N,N,NA,N,N,NA,N,N,N,N,N,N,NA,N,N,N,N,NA,N,N,N,N,N,N,N,N,N,N,N,N
109,brasiliense_clade,N,N,N,N,NA,N,N,NA,N,N,N,N,N,N,NA,N,N,N,N,NA,N,N,N,N,N,N,N,N,N,N,N,N
110,N,NA,NA,NA,NA,NA,NA,N,NA,N,N,N,versatile_clade,versatile_clade2,N,NA,N,N,N,N,NA,N,N,N,N,N,N,N,N,N,N,N,N
111,brasiliense_clade,N,N,N,N,NA,N,N,NA,N,N,N,N,N,N,NA,N,N,N,N,NA,N,N,N,N,N,N,N,N,N,N,N,N
112,N,NA,NA,NA,NA,NA,NA,N,NA,N,N,N,versatile_clade,versatile_clade2,N,NA,N,N,N,N,NA,N,N,N,N,N,N,N,N,N,N,N,N
113,N,NA,NA,NA,NA,NA,NA,N,NA,N,N,N,versatile_clade,versatile_clade2,N,NA,N,N,N,N,NA,N,N,N,N,N,N,N,N,N,N,N,N
114,brasiliense_clade,N,N,N,N,NA,N,N,NA,N,N,N,N,N,N,NA,N,N,N,N,NA,N,N,N,N,N,N,N,N,N,N,N,N
115,brasiliense_clade,N,N,N,N,NA,N,N,NA,N,N,N,N,N,N,NA,N,N,N,N,NA,N,N,N,N,N,N,N,N,N,N,N,N
116,N,NA,NA,NA,NA,NA,NA,N,NA,N,N,N,N,N,N,NA,N,N,N,N,NA,N,N,N,N,N,N,N,N,N,N,N,colocasium_genome
117,N,NA,NA,NA,NA,NA,NA,N,NA,N,N,N,N,N,N,NA,N,N,aroidearum_clade,N,N,N,N,N,N,N,N,N,N,N,N,N,N
118,N,NA,NA,NA,NA,NA,NA,N,NA,N,N,N,versatile_clade,NA,N,NA,N,N,N,N,NA,N,N,N,N,N,N,N,N,N,N,N,N
119,N,NA,NA,NA,NA,NA,NA,N,NA,N,N,N,versatile_clade,NA,N,NA,N,N,N,N,NA,N,N,N,N,N,N,N,N,N,N,N,N
120,N,NA,NA,NA,NA,NA,NA,N,NA,N,N,N,versatile_clade,NA,N,NA,N,N,N,N,NA,N,N,N,N,N,N,N,N,N,N,N,N
121,N,NA,NA,NA,NA,NA,NA,polaris_clade,N,N,N,N,N,N,N,NA,N,N,N,N,NA,N,N,N,N,N,N,N,N,N,N,N,N
122,N,NA,NA,NA,NA,NA,NA,polaris_clade,N,N,N,N,N,N,N,NA,N,N,N,N,NA,N,N,N,N,N,N,N,N,N,N,N,N
123,N,NA,NA,NA,NA,NA,NA,N,NA,N,N,N,N,N,N,NA,N,N,N,N,NA,N,N,punjabense_clade,N,N,N,N,N,N,N,N,N
124,N,NA,NA,NA,NA,NA,NA,N,NA,N,N,N,N,N,N,NA,N,N,N,N,NA,N,N,N,N,atrosepticum_clade,N,N,N,N,N,N,N
125,N,NA,NA,NA,NA,NA,NA,N,NA,N,N,N,N,N,N,NA,N,N,N,N,NA,N,N,punjabense_clade,N,N,N,N,N,N,N,N,N
126,N,NA,NA,NA,NA,NA,NA,N,NA,N,N,N,versatile_clade,versatile_clade2,N,NA,N,N,N,N,NA,N,N,N,N,N,N,N,N,N,N,N,N
127,N,NA,NA,NA,NA,NA,NA,N,NA,N,N,N,versatile_clade,versatile_clade2,N,NA,N,N,N,N,NA,N,N,N,N,N,N,N,N,N,N,N,N
128,N,NA,NA,NA,NA,NA,NA,N,NA,N,N,N,versatile_clade,versatile_clade2,N,NA,N,N,N,N,NA,N,N,N,N,N,N,N,N,N,N,N,N
129,N,NA,NA,NA,NA,NA,NA,N,NA,N,N,N,versatile_clade,versatile_clade2,N,NA,N,N,N,N,NA,N,N,N,N,N,N,N,N,N,N,N,N
130,N,NA,NA,NA,NA,NA,NA,N,NA,N,N,N,versatile_clade,versatile_clade2,N,NA,N,N,N,N,NA,N,N,N,N,N,N,N,N,N,N,N,N
131,N,NA,NA,NA,NA,NA,NA,N,NA,N,N,N,versatile_clade,versatile_clade2,N,NA,N,N,N,N,NA,N,N,N,N,N,N,N,N,N,N,N,N
132,N,NA,NA,NA,NA,NA,NA,N,NA,N,N,N,versatile_clade,versatile_clade2,N,NA,N,N,N,N,NA,N,N,N,N,N,N,N,N,N,N,N,N
133,N,NA,NA,NA,NA,NA,NA,N,NA,N,N,N,versatile_clade,versatile_clade2,N,NA,N,N,N,N,NA,N,N,N,N,N,N,N,N,N,N,N,N
134,brasiliense_clade,N,N,N,N,NA,NL_Pbr_vs_Pbr,N,NA,N,N,N,N,N,N,NA,N,N,N,N,NA,N,N,N,N,N,N,N,N,N,N,N,N
135,N,NA,NA,NA,NA,NA,NA,N,NA,N,N,N,N,N,N,NA,N,N,aroidearum_clade,N,N,N,N,N,N,N,N,N,N,N,N,N,N
136,brasiliense_clade,N,N,N,N,NA,NL_Pbr_vs_Pbr,N,NA,N,N,N,N,N,N,NA,N,N,N,N,NA,N,N,N,N,N,N,N,N,N,N,N,N
137,brasiliense_clade,N,N,N,N,NA,N,N,NA,N,N,N,N,N,N,NA,N,N,N,N,NA,N,N,N,N,N,N,N,N,N,N,N,N
138,brasiliense_clade,N,N,N,N,NA,NL_Pbr_vs_Pbr,N,NA,N,N,N,N,N,N,NA,N,N,N,N,NA,N,N,N,N,N,N,N,N,N,N,N,N
139,N,NA,NA,NA,NA,NA,NA,N,NA,N,N,N,N,N,N,NA,N,N,N,N,NA,parmentieri_clade,N,N,N,N,N,N,N,N,N,N,N
140,brasiliense_clade,virulent_Pbrasiliense,N,assay_TP_vs_Pbr,assay_TP_vs_avirulent_Pbr,N,NL_Pbr_vs_Pbr,N,NA,N,N,N,N,N,N,NA,N,N,N,N,NA,N,N,N,N,N,N,N,N,N,N,N,N
141,brasiliense_clade,N,N,N,N,NA,N,N,NA,N,N,N,N,N,N,NA,N,N,N,N,NA,N,N,N,N,N,N,N,N,N,N,N,N
142,brasiliense_clade,N,N,N,N,NA,NL_Pbr_vs_Pbr,N,NA,N,N,N,N,N,N,NA,N,N,N,N,NA,N,N,N,N,N,N,N,N,N,N,N,N
143,N,NA,NA,NA,NA,NA,NA,N,NA,N,N,N,N,N,N,NA,N,N,N,N,NA,N,N,punjabense_clade,N,N,N,N,N,N,N,N,N
144,brasiliense_clade,virulent_Pbrasiliense,N,assay_TP_vs_Pbr,assay_TP_vs_avirulent_Pbr,N,NL_Pbr_vs_Pbr,N,NA,N,N,N,N,N,N,NA,N,N,N,N,NA,N,N,N,N,N,N,N,N,N,N,N,N
145,brasiliense_clade,N,N,N,N,NA,NL_Pbr_vs_Pbr,N,NA,N,N,N,N,N,N,NA,N,N,N,N,NA,N,N,N,N,N,N,N,N,N,N,N,N
146,brasiliense_clade,N,N,N,N,NA,NL_Pbr_vs_Pbr,N,NA,N,N,N,N,N,N,NA,N,N,N,N,NA,N,N,N,N,N,N,N,N,N,N,N,N
147,brasiliense_clade,N,N,N,N,NA,NL_Pbr_vs_Pbr,N,NA,N,N,N,N,N,N,NA,N,N,N,N,NA,N,N,N,N,N,N,N,N,N,N,N,N
148,brasiliense_clade,virulent_Pbrasiliense,N,assay_TP_vs_Pbr,assay_TP_vs_avirulent_Pbr,N,NL_Pbr_vs_Pbr,N,NA,N,N,N,N,N,N,NA,N,N,N,N,NA,N,N,N,N,N,N,N,N,N,N,N,N
149,brasiliense_clade,N,N,N,N,NA,NL_Pbr_vs_Pbr,N,NA,N,N,N,N,N,N,NA,N,N,N,N,NA,N,N,N,N,N,N,N,N,N,N,N,N
150,N,NA,NA,NA,NA,NA,NA,N,NA,N,N,N,versatile_clade,versatile_clade2,N,NA,N,N,N,N,NA,N,N,N,N,N,N,N,N,N,N,N,N
151,N,NA,NA,NA,NA,NA,NA,polaris_clade,N,N,N,N,N,N,N,NA,N,N,N,N,NA,N,N,N,N,N,N,N,N,N,N,N,N
152,brasiliense_clade,N,N,N,N,NA,NL_Pbr_vs_Pbr,N,NA,N,N,N,N,N,N,NA,N,N,N,N,NA,N,N,N,N,N,N,N,N,N,N,N,N
153,brasiliense_clade,virulent_Pbrasiliense,N,assay_TP_vs_Pbr,assay_TP_vs_avirulent_Pbr,N,NL_Pbr_vs_Pbr,N,NA,N,N,N,N,N,N,NA,N,N,N,N,NA,N,N,N,N,N,N,N,N,N,N,N,N
154,brasiliense_clade,virulent_Pbrasiliense,N,assay_TP_vs_Pbr,assay_TP_vs_avirulent_Pbr,N,NL_Pbr_vs_Pbr,N,NA,N,N,N,N,N,N,NA,N,N,N,N,NA,N,N,N,N,N,N,N,N,N,N,N,N
155,brasiliense_clade,N,N,N,N,NA,NL_Pbr_vs_Pbr,N,NA,N,N,N,N,N,N,NA,N,N,N,N,NA,N,N,N,N,N,N,N,N,N,N,N,N
156,brasiliense_clade,virulent_Pbrasiliense,N,assay_TP_vs_Pbr,assay_TP_vs_avirulent_Pbr,N,NL_Pbr_vs_Pbr,N,NA,N,N,N,N,N,N,NA,N,N,N,N,NA,N,N,N,N,N,N,N,N,N,N,N,N
157,brasiliense_clade,N,N,N,N,NA,NL_Pbr_vs_Pbr,N,NA,N,N,N,N,N,N,NA,N,N,N,N,NA,N,N,N,N,N,N,N,N,N,N,N,N
158,brasiliense_clade,N,N,N,N,NA,NL_Pbr_vs_Pbr,N,NA,N,N,N,N,N,N,NA,N,N,N,N,NA,N,N,N,N,N,N,N,N,N,N,N,N
159,brasiliense_clade,N,N,N,N,NA,NL_Pbr_vs_Pbr,N,NA,N,N,N,N,N,N,NA,N,N,N,N,NA,N,N,N,N,N,N,N,N,N,N,N,N
160,N,NA,NA,NA,NA,NA,NA,N,polaris_outlier_cmp,N,N,N,N,N,N,NA,N,N,N,N,NA,N,N,N,N,N,N,N,N,N,N,N,N
161,brasiliense_clade,N,N,N,N,NA,NL_Pbr_vs_Pbr,N,NA,N,N,N,N,N,N,NA,N,N,N,N,NA,N,N,N,N,N,N,N,N,N,N,N,N
162,brasiliense_clade,virulent_Pbrasiliense,N,assay_TP_vs_Pbr,assay_TP_vs_avirulent_Pbr,N,NL_Pbr_vs_Pbr,N,NA,N,N,N,N,N,N,NA,N,N,N,N,NA,N,N,N,N,N,N,N,N,N,N,N,N
163,brasiliense_clade,virulent_Pbrasiliense,N,assay_TP_vs_Pbr,assay_TP_vs_avirulent_Pbr,N,NL_Pbr_vs_Pbr,N,NA,N,N,N,N,N,N,NA,N,N,N,N,NA,N,N,N,N,N,N,N,N,N,N,N,N
164,brasiliense_clade,virulent_Pbrasiliense,N,assay_TP_vs_Pbr,assay_TP_vs_avirulent_Pbr,N,NL_Pbr_vs_Pbr,N,NA,N,N,N,N,N,N,NA,N,N,N,N,NA,N,N,N,N,N,N,N,N,N,N,N,N
165,brasiliense_clade,virulent_Pbrasiliense,N,assay_TP_vs_Pbr,assay_TP_vs_avirulent_Pbr,N,NL_Pbr_vs_Pbr,N,NA,N,N,N,N,N,N,NA,N,N,N,N,NA,N,N,N,N,N,N,N,N,N,N,N,N
166,brasiliense_clade,N,N,N,N,NA,NL_Pbr_vs_Pbr,N,NA,N,N,N,N,N,N,NA,N,N,N,N,NA,N,N,N,N,N,N,N,N,N,N,N,N
167,brasiliense_clade,virulent_Pbrasiliense,N,assay_TP_vs_Pbr,assay_TP_vs_avirulent_Pbr,N,NL_Pbr_vs_Pbr,N,NA,N,N,N,N,N,N,NA,N,N,N,N,NA,N,N,N,N,N,N,N,N,N,N,N,N
168,brasiliense_clade,virulent_Pbrasiliense,N,assay_TP_vs_Pbr,assay_TP_vs_avirulent_Pbr,N,NL_Pbr_vs_Pbr,N,NA,N,N,N,N,N,N,NA,N,N,N,N,NA,N,N,N,N,N,N,N,N,N,N,N,N
169,brasiliense_clade,virulent_Pbrasiliense,N,assay_TP_vs_Pbr,assay_TP_vs_avirulent_Pbr,N,NL_Pbr_vs_Pbr,N,NA,N,N,N,N,N,N,NA,N,N,N,N,NA,N,N,N,N,N,N,N,N,N,N,N,N
170,brasiliense_clade,N,N,N,N,NA,NL_Pbr_vs_Pbr,N,NA,N,N,N,N,N,N,NA,N,N,N,N,NA,N,N,N,N,N,N,N,N,N,N,N,N
171,brasiliense_clade,virulent_Pbrasiliense,N,assay_TP_vs_Pbr,assay_TP_vs_avirulent_Pbr,N,NL_Pbr_vs_Pbr,N,NA,N,N,N,N,N,N,NA,N,N,N,N,NA,N,N,N,N,N,N,N,N,N,N,N,N
172,brasiliense_clade,virulent_Pbrasiliense,N,assay_TP_vs_Pbr,assay_TP_vs_avirulent_Pbr,N,NL_Pbr_vs_Pbr,N,NA,N,N,N,N,N,N,NA,N,N,N,N,NA,N,N,N,N,N,N,N,N,N,N,N,N
173,brasiliense_clade,N,N,N,N,NA,NL_Pbr_vs_Pbr,N,NA,N,N,N,N,N,N,NA,N,N,N,N,NA,N,N,N,N,N,N,N,N,N,N,N,N
174,brasiliense_clade,virulent_Pbrasiliense,N,assay_TP_vs_Pbr,assay_TP_vs_avirulent_Pbr,N,NL_Pbr_vs_Pbr,N,NA,N,N,N,N,N,N,NA,N,N,N,N,NA,N,N,N,N,N,N,N,N,N,N,N,N
175,brasiliense_clade,virulent_Pbrasiliense,assay_FN,N,NA,assay_FN_vs_TP,NL_Pbr_vs_Pbr,N,NA,N,N,N,N,N,N,NA,N,N,N,N,NA,N,N,N,N,N,N,N,N,N,N,N,N
176,brasiliense_clade,virulent_Pbrasiliense,N,assay_TP_vs_Pbr,assay_TP_vs_avirulent_Pbr,N,NL_Pbr_vs_Pbr,N,NA,N,N,N,N,N,N,NA,N,N,N,N,NA,N,N,N,N,N,N,N,N,N,N,N,N
177,brasiliense_clade,N,N,N,N,NA,NL_Pbr_vs_Pbr,N,NA,N,N,N,N,N,N,NA,N,N,N,N,NA,N,N,N,N,N,N,N,N,N,N,N,N
178,brasiliense_clade,N,N,N,N,NA,NL_Pbr_vs_Pbr,N,NA,N,N,N,N,N,N,NA,N,N,N,N,NA,N,N,N,N,N,N,N,N,N,N,N,N
179,brasiliense_clade,N,N,N,N,NA,NL_Pbr_vs_Pbr,N,NA,N,N,N,N,N,N,NA,N,N,N,N,NA,N,N,N,N,N,N,N,N,N,N,N,N
180,brasiliense_clade,N,N,N,N,NA,NL_Pbr_vs_Pbr,N,NA,N,N,N,N,N,N,NA,N,N,N,N,NA,N,N,N,N,N,N,N,N,N,N,N,N
181,brasiliense_clade,N,N,N,N,NA,NL_Pbr_vs_Pbr,N,NA,N,N,N,N,N,N,NA,N,N,N,N,NA,N,N,N,N,N,N,N,N,N,N,N,N
182,brasiliense_clade,N,N,N,N,NA,NL_Pbr_vs_Pbr,N,NA,N,N,N,N,N,N,NA,N,N,N,N,NA,N,N,N,N,N,N,N,N,N,N,N,N
183,N,NA,NA,NA,NA,NA,NA,N,NA,N,quasiaquaticum_clade,N,N,N,N,NA,N,N,N,N,NA,N,N,N,N,N,N,N,N,N,N,N,N
184,N,NA,NA,NA,NA,NA,NA,N,NA,N,N,N,versatile_clade,versatile_clade2,N,NA,N,N,N,N,NA,N,N,N,N,N,N,N,N,N,N,N,N
185,brasiliense_clade,N,N,N,N,NA,NL_Pbr_vs_Pbr,N,NA,N,N,N,N,N,N,NA,N,N,N,N,NA,N,N,N,N,N,N,N,N,N,N,N,N
186,N,NA,NA,NA,NA,NA,NA,N,NA,N,N,N,versatile_clade,versatile_clade2,N,NA,N,N,N,N,NA,N,N,N,N,N,N,N,N,N,N,N,N
187,brasiliense_clade,virulent_Pbrasiliense,N,assay_TP_vs_Pbr,assay_TP_vs_avirulent_Pbr,N,NL_Pbr_vs_Pbr,N,NA,N,N,N,N,N,N,NA,N,N,N,N,NA,N,N,N,N,N,N,N,N,N,N,N,N
188,brasiliense_clade,virulent_Pbrasiliense,N,assay_TP_vs_Pbr,assay_TP_vs_avirulent_Pbr,N,NL_Pbr_vs_Pbr,N,NA,N,N,N,N,N,N,NA,N,N,N,N,NA,N,N,N,N,N,N,N,N,N,N,N,N
189,brasiliense_clade,virulent_Pbrasiliense,N,assay_TP_vs_Pbr,assay_TP_vs_avirulent_Pbr,N,NL_Pbr_vs_Pbr,N,NA,N,N,N,N,N,N,NA,N,N,N,N,NA,N,N,N,N,N,N,N,N,N,N,N,N
190,brasiliense_clade,virulent_Pbrasiliense,N,assay_TP_vs_Pbr,assay_TP_vs_avirulent_Pbr,N,NL_Pbr_vs_Pbr,N,NA,N,N,N,N,N,N,NA,N,N,N,N,NA,N,N,N,N,N,N,N,N,N,N,N,N
191,brasiliense_clade,N,N,N,N,NA,NL_Pbr_vs_Pbr,N,NA,N,N,N,N,N,N,NA,N,N,N,N,NA,N,N,N,N,N,N,N,N,N,N,N,N
192,brasiliense_clade,virulent_Pbrasiliense,N,assay_TP_vs_Pbr,assay_TP_vs_avirulent_Pbr,N,NL_Pbr_vs_Pbr,N,NA,N,N,N,N,N,N,NA,N,N,N,N,NA,N,N,N,N,N,N,N,N,N,N,N,N
193,brasiliense_clade,virulent_Pbrasiliense,N,assay_TP_vs_Pbr,assay_TP_vs_avirulent_Pbr,N,NL_Pbr_vs_Pbr,N,NA,N,N,N,N,N,N,NA,N,N,N,N,NA,N,N,N,N,N,N,N,N,N,N,N,N
194,brasiliense_clade,N,N,N,N,NA,NL_Pbr_vs_Pbr,N,NA,N,N,N,N,N,N,NA,N,N,N,N,NA,N,N,N,N,N,N,N,N,N,N,N,N
195,brasiliense_clade,virulent_Pbrasiliense,N,assay_TP_vs_Pbr,assay_TP_vs_avirulent_Pbr,N,NL_Pbr_vs_Pbr,N,NA,N,N,N,N,N,N,NA,N,N,N,N,NA,N,N,N,N,N,N,N,N,N,N,N,N
196,brasiliense_clade,N,N,N,N,NA,NL_Pbr_vs_Pbr,N,NA,N,N,N,N,N,N,NA,N,N,N,N,NA,N,N,N,N,N,N,N,N,N,N,N,N
197,N,NA,NA,NA,NA,NA,NA,N,NA,N,N,N,N,N,N,NA,N,N,N,N,NA,parmentieri_clade,N,N,N,N,N,N,N,N,N,N,N
198,N,NA,NA,NA,NA,NA,NA,N,NA,N,N,N,N,N,carotovorum_clade,N,N,N,N,N,NA,N,N,N,N,N,N,N,N,N,N,N,N
199,N,NA,NA,NA,NA,NA,NA,N,NA,N,N,N,N,N,carotovorum_clade,N,N,N,N,N,NA,N,N,N,N,N,N,N,N,N,N,N,N
200,N,NA,NA,NA,NA,NA,NA,N,NA,N,N,N,N,N,N,NA,N,N,N,N,NA,N,N,N,N,atrosepticum_clade,N,N,N,N,N,N,N
201,N,NA,NA,NA,NA,NA,NA,N,NA,N,N,N,versatile_clade,versatile_clade2,N,NA,N,N,N,N,NA,N,N,N,N,N,N,N,N,N,N,N,N
202,N,NA,NA,NA,NA,NA,NA,N,NA,N,N,N,N,N,carotovorum_clade,N,N,N,N,N,NA,N,N,N,N,N,N,N,N,N,N,N,N
203,N,NA,NA,NA,NA,NA,NA,N,NA,N,N,N,N,N,N,NA,N,N,N,N,NA,parmentieri_clade,N,N,N,N,N,N,N,N,N,N,N
204,N,NA,NA,NA,NA,NA,NA,N,NA,N,N,N,N,N,N,NA,N,N,N,N,NA,parmentieri_clade,N,N,N,N,N,N,N,N,N,N,N
205,N,NA,NA,NA,NA,NA,NA,N,NA,N,N,N,N,N,N,NA,N,N,N,N,NA,parmentieri_clade,N,N,N,N,N,N,N,N,N,N,N
206,N,NA,NA,NA,NA,NA,NA,N,NA,N,N,N,N,N,N,NA,N,N,N,N,NA,parmentieri_clade,N,N,N,N,N,N,N,N,N,N,N
207,N,NA,NA,NA,NA,NA,NA,N,NA,N,N,N,N,N,N,NA,N,N,N,N,NA,parmentieri_clade,N,N,N,N,N,N,N,N,N,N,N
208,N,NA,NA,NA,NA,NA,NA,N,NA,N,N,N,N,N,N,NA,N,N,N,N,NA,parmentieri_clade,N,N,N,N,N,N,N,N,N,N,N
209,N,NA,NA,NA,NA,NA,NA,N,NA,N,N,N,N,N,N,NA,N,N,N,N,NA,parmentieri_clade,N,N,N,N,N,N,N,N,N,N,N
210,N,NA,NA,NA,NA,NA,NA,N,NA,N,N,N,N,N,N,NA,N,N,N,N,NA,parmentieri_clade,N,N,N,N,N,N,N,N,N,N,N
211,N,NA,NA,NA,NA,NA,NA,N,NA,N,N,N,N,N,N,NA,N,N,N,N,NA,parmentieri_clade,N,N,N,N,N,N,N,N,N,N,N
212,N,NA,NA,NA,NA,NA,NA,N,NA,N,N,N,N,N,N,NA,N,N,N,N,NA,parmentieri_clade,N,N,N,N,N,N,N,N,N,N,N
213,N,NA,NA,NA,NA,NA,NA,N,NA,N,N,N,N,N,N,NA,N,N,N,N,NA,parmentieri_clade,N,N,N,N,N,N,N,N,N,N,N
214,brasiliense_clade,virulent_Pbrasiliense,N,assay_TP_vs_Pbr,assay_TP_vs_avirulent_Pbr,N,NL_Pbr_vs_Pbr,N,NA,N,N,N,N,N,N,NA,N,N,N,N,NA,N,N,N,N,N,N,N,N,N,N,N,N
215,N,NA,NA,NA,NA,NA,NA,N,NA,N,N,N,N,N,N,NA,N,N,N,N,NA,parmentieri_clade,N,N,N,N,N,N,N,N,N,N,N
216,N,NA,NA,NA,NA,NA,NA,N,NA,N,N,N,versatile_clade,versatile_clade2,N,NA,N,N,N,N,NA,N,N,N,N,N,N,N,N,N,N,N,N
217,N,NA,NA,NA,NA,NA,NA,N,NA,N,N,N,N,N,N,NA,N,N,aroidearum_clade,N,N,N,N,N,N,N,N,N,N,N,N,N,N
218,N,NA,NA,NA,NA,NA,NA,N,NA,N,N,N,N,N,N,NA,N,N,aroidearum_clade,N,N,N,N,N,N,N,N,N,N,N,N,N,N
219,N,NA,NA,NA,NA,NA,NA,N,NA,N,quasiaquaticum_clade,N,N,N,N,NA,N,N,N,N,NA,N,N,N,N,N,N,N,N,N,N,N,N
220,N,NA,NA,NA,NA,NA,NA,N,NA,N,quasiaquaticum_clade,N,N,N,N,NA,N,N,N,N,NA,N,N,N,N,N,N,N,N,N,N,N,N
221,N,NA,NA,NA,NA,NA,NA,N,NA,N,quasiaquaticum_clade,N,N,N,N,NA,N,N,N,N,NA,N,N,N,N,N,N,N,N,N,N,N,N
222,N,NA,NA,NA,NA,NA,NA,N,NA,N,quasiaquaticum_clade,N,N,N,N,NA,N,N,N,N,NA,N,N,N,N,N,N,N,N,N,N,N,N
223,N,NA,NA,NA,NA,NA,NA,N,NA,N,quasiaquaticum_clade,N,N,N,N,NA,N,N,N,N,NA,N,N,N,N,N,N,N,N,N,N,N,N
224,N,NA,NA,NA,NA,NA,NA,N,NA,N,N,N,versatile_clade,versatile_clade2,N,NA,N,N,N,N,NA,N,N,N,N,N,N,N,N,N,N,N,N
225,N,NA,NA,NA,NA,NA,NA,N,NA,N,N,N,N,N,carotovorum_clade,N,N,N,N,N,NA,N,N,N,N,N,N,N,N,N,N,N,N
226,N,NA,NA,NA,NA,NA,NA,N,NA,N,N,N,N,N,N,NA,N,N,aroidearum_clade,N,N,N,N,N,N,N,N,N,N,N,N,N,N
227,N,NA,NA,NA,NA,NA,NA,N,NA,N,N,N,N,N,N,NA,N,N,aroidearum_clade,N,N,N,N,N,N,N,N,N,N,N,N,N,N
228,N,NA,NA,NA,NA,NA,NA,N,NA,N,N,N,N,N,N,NA,N,N,aroidearum_clade,N,N,N,N,N,N,N,N,N,N,N,N,N,N
229,N,NA,NA,NA,NA,NA,NA,N,NA,N,N,N,N,N,N,NA,N,N,aroidearum_clade,N,N,N,N,N,N,N,N,N,N,N,N,N,N
230,N,NA,NA,NA,NA,NA,NA,N,NA,N,N,N,N,N,N,NA,N,N,aroidearum_clade,N,N,N,N,N,N,N,N,N,N,N,N,N,N
231,N,NA,NA,NA,NA,NA,NA,N,NA,N,N,N,N,N,N,NA,N,N,aroidearum_clade,N,N,N,N,N,N,N,N,N,N,N,N,N,N
232,N,NA,NA,NA,NA,NA,NA,N,NA,N,N,N,N,N,N,NA,N,N,aroidearum_clade,N,N,N,N,N,N,N,N,N,N,N,N,N,N
233,N,NA,NA,NA,NA,NA,NA,N,NA,N,N,N,N,N,carotovorum_clade,N,N,N,N,N,NA,N,N,N,N,N,N,N,N,N,N,N,N
234,N,NA,NA,NA,NA,NA,NA,N,NA,N,N,N,N,N,N,NA,odoriferum_clade,N,N,N,NA,N,N,N,N,N,N,N,N,N,N,N,N
235,N,NA,NA,NA,NA,NA,NA,N,NA,N,N,N,N,N,N,NA,N,N,aroidearum_clade,N,N,N,N,N,N,N,N,N,N,N,N,N,N
236,brasiliense_clade,N,N,N,N,NA,NL_Pbr_vs_Pbr,N,NA,N,N,N,N,N,N,NA,N,N,N,N,NA,N,N,N,N,N,N,N,N,N,N,N,N
237,N,NA,NA,NA,NA,NA,NA,N,NA,N,N,N,versatile_clade,versatile_clade2,N,NA,N,N,N,N,NA,N,N,N,N,N,N,N,N,N,N,N,N
238,N,NA,NA,NA,NA,NA,NA,N,NA,N,N,N,versatile_clade,versatile_clade2,N,NA,N,N,N,N,NA,N,N,N,N,N,N,N,N,N,N,N,N
239,N,NA,NA,NA,NA,NA,NA,N,NA,N,N,N,versatile_clade,versatile_clade2,N,NA,N,N,N,N,NA,N,N,N,N,N,N,N,N,N,N,N,N
240,brasiliense_clade,N,N,N,N,NA,NL_Pbr_vs_Pbr,N,NA,N,N,N,N,N,N,NA,N,N,N,N,NA,N,N,N,N,N,N,N,N,N,N,N,N
241,N,NA,NA,NA,NA,NA,NA,N,NA,N,N,N,N,N,carotovorum_clade,N,N,N,N,N,NA,N,N,N,N,N,N,N,N,N,N,N,N
242,brasiliense_clade,N,N,N,N,NA,NL_Pbr_vs_Pbr,N,NA,N,N,N,N,N,N,NA,N,N,N,N,NA,N,N,N,N,N,N,N,N,N,N,N,N
243,brasiliense_clade,N,N,N,N,NA,NL_Pbr_vs_Pbr,N,NA,N,N,N,N,N,N,NA,N,N,N,N,NA,N,N,N,N,N,N,N,N,N,N,N,N
244,N,NA,NA,NA,NA,NA,NA,N,NA,N,N,N,N,N,carotovorum_clade,N,N,N,N,N,NA,N,N,N,N,N,N,N,N,N,N,N,N
245,N,NA,NA,NA,NA,NA,NA,N,NA,N,N,N,versatile_clade,versatile_clade2,N,NA,N,N,N,N,NA,N,N,N,N,N,N,N,N,N,N,N,N
246,N,NA,NA,NA,NA,NA,NA,N,NA,N,N,N,N,N,carotovorum_clade,N,N,N,N,N,NA,N,N,N,N,N,N,N,N,N,N,N,N
247,N,NA,NA,NA,NA,NA,NA,N,NA,N,N,N,N,N,carotovorum_clade,N,N,N,N,N,NA,N,N,N,N,N,N,N,N,N,N,N,N
248,N,NA,NA,NA,NA,NA,NA,N,NA,N,N,N,N,N,N,NA,N,N,N,N,NA,N,N,N,N,N,N,N,N,N,N,N,N
249,N,NA,NA,NA,NA,NA,NA,N,NA,parvum_clade,N,N,N,N,N,NA,N,N,N,N,NA,N,N,N,N,N,N,N,N,N,N,N,N
250,N,NA,NA,NA,NA,NA,NA,N,NA,parvum_clade,N,N,N,N,N,NA,N,N,N,N,NA,N,N,N,N,N,N,N,N,N,N,N,N
251,N,NA,NA,NA,NA,NA,NA,polaris_clade,N,N,N,N,N,N,N,NA,N,N,N,N,NA,N,N,N,N,N,N,N,N,N,N,N,N
252,N,NA,NA,NA,NA,NA,NA,polaris_clade,N,N,N,N,N,N,N,NA,N,N,N,N,NA,N,N,N,N,N,N,N,N,N,N,N,N
253,N,NA,NA,NA,NA,NA,NA,polaris_clade,N,N,N,N,N,N,N,NA,N,N,N,N,NA,N,N,N,N,N,N,N,N,N,N,N,N
254,N,NA,NA,NA,NA,NA,NA,polaris_clade,N,N,N,N,N,N,N,NA,N,N,N,N,NA,N,N,N,N,N,N,N,N,N,N,N,N
255,N,NA,NA,NA,NA,NA,NA,polaris_clade,N,N,N,N,N,N,N,NA,N,N,N,N,NA,N,N,N,N,N,N,N,N,N,N,N,N
256,N,NA,NA,NA,NA,NA,NA,N,NA,N,N,N,N,N,N,NA,N,N,N,N,NA,N,N,punjabense_clade,N,N,N,N,N,N,N,N,N
257,N,NA,NA,NA,NA,NA,NA,N,NA,parvum_clade,N,N,N,N,N,NA,N,N,N,N,NA,N,N,N,N,N,N,N,N,N,N,N,N
258,N,NA,NA,NA,NA,NA,NA,N,NA,parvum_clade,N,N,N,N,N,NA,N,N,N,N,NA,N,N,N,N,N,N,N,N,N,N,N,N
259,N,NA,NA,NA,NA,NA,NA,N,NA,parvum_clade,N,N,N,N,N,NA,N,N,N,N,NA,N,N,N,N,N,N,N,N,N,N,N,N
260,N,NA,NA,NA,NA,NA,NA,N,NA,parvum_clade,N,N,N,N,N,NA,N,N,N,N,NA,N,N,N,N,N,N,N,N,N,N,N,N
261,N,NA,NA,NA,NA,NA,NA,N,NA,N,N,N,N,N,N,NA,N,N,N,N,NA,parmentieri_clade,N,N,N,N,N,N,N,N,N,N,N
262,N,NA,NA,NA,NA,NA,NA,N,NA,N,N,N,N,N,carotovorum_clade,N,N,N,N,N,NA,N,N,N,N,N,N,N,N,N,N,N,N
263,brasiliense_clade,N,N,N,N,NA,N,N,NA,N,N,N,N,N,N,NA,N,N,N,N,NA,N,N,N,N,N,N,N,N,N,N,N,N
264,N,NA,NA,NA,NA,NA,NA,N,NA,N,N,N,N,N,carotovorum_clade,N,N,N,N,N,NA,N,N,N,N,N,N,N,N,N,N,N,N
265,N,NA,NA,NA,NA,NA,NA,N,NA,N,N,N,N,N,N,NA,N,N,N,N,NA,N,N,N,polonicum_clade,N,N,N,N,N,N,N,N
266,N,NA,NA,NA,NA,NA,NA,N,NA,N,N,N,N,N,N,NA,N,N,N,N,NA,N,N,N,N,N,N,zantedeschiae_clade,N,N,N,N,N
267,N,NA,NA,NA,NA,NA,NA,N,NA,N,N,N,versatile_clade,versatile_clade2,N,NA,N,N,N,N,NA,N,N,N,N,N,N,N,N,N,N,N,N
268,N,NA,NA,NA,NA,NA,NA,N,NA,N,N,N,versatile_clade,versatile_clade2,N,NA,N,N,N,N,NA,N,N,N,N,N,N,N,N,N,N,N,N
269,N,NA,NA,NA,NA,NA,NA,N,NA,N,N,N,versatile_clade,versatile_clade2,N,NA,N,N,N,N,NA,N,N,N,N,N,N,N,N,N,N,N,N
270,N,NA,NA,NA,NA,NA,NA,N,NA,N,N,N,versatile_clade,versatile_clade2,N,NA,N,N,N,N,NA,N,N,N,N,N,N,N,N,N,N,N,N
271,N,NA,NA,NA,NA,NA,NA,N,NA,N,N,N,versatile_clade,versatile_clade2,N,NA,N,N,N,N,NA,N,N,N,N,N,N,N,N,N,N,N,N
272,N,NA,NA,NA,NA,NA,NA,N,NA,N,N,N,versatile_clade,versatile_clade2,N,NA,N,N,N,N,NA,N,N,N,N,N,N,N,N,N,N,N,N
273,N,NA,NA,NA,NA,NA,NA,N,NA,N,N,N,N,N,N,NA,N,N,N,N,NA,N,N,N,N,N,N,zantedeschiae_clade,N,N,N,N,N
274,N,NA,NA,NA,NA,NA,NA,N,NA,N,N,N,N,N,N,NA,N,N,N,N,NA,parmentieri_clade,N,N,N,N,N,N,N,N,N,N,N
275,N,NA,NA,NA,NA,NA,NA,polaris_clade,N,N,N,N,N,N,N,NA,N,N,N,N,NA,N,N,N,N,N,N,N,N,N,N,N,N
276,N,NA,NA,NA,NA,NA,NA,N,NA,N,N,N,versatile_clade,versatile_clade2,N,NA,N,N,N,N,NA,N,N,N,N,N,N,N,N,N,N,N,N
277,N,NA,NA,NA,NA,NA,NA,N,NA,N,N,aquaticum_clade,N,N,N,NA,N,N,N,N,NA,N,N,N,N,N,N,N,N,N,N,N,N
278,N,NA,NA,NA,NA,NA,NA,N,NA,N,N,aquaticum_clade,N,N,N,NA,N,N,N,N,NA,N,N,N,N,N,N,N,N,N,N,N,N
279,N,NA,NA,NA,NA,NA,NA,N,NA,N,N,aquaticum_clade,N,N,N,NA,N,N,N,N,NA,N,N,N,N,N,N,N,N,N,N,N,N
280,N,NA,NA,NA,NA,NA,NA,N,NA,N,N,aquaticum_clade,N,N,N,NA,N,N,N,N,NA,N,N,N,N,N,N,N,N,N,N,N,N
281,N,NA,NA,NA,NA,NA,NA,N,NA,N,N,aquaticum_clade,N,N,N,NA,N,N,N,N,NA,N,N,N,N,N,N,N,N,N,N,N,N
282,N,NA,NA,NA,NA,NA,NA,N,NA,N,N,N,versatile_clade,versatile_clade2,N,NA,N,N,N,N,NA,N,N,N,N,N,N,N,N,N,N,N,N
283,N,NA,NA,NA,NA,NA,NA,N,NA,N,N,N,N,N,N,NA,N,N,N,N,NA,N,N,N,N,atrosepticum_clade,N,N,N,N,N,N,N
284,N,NA,NA,NA,NA,NA,NA,N,NA,N,N,N,N,N,N,NA,N,N,N,N,NA,parmentieri_clade,N,N,N,N,N,N,N,N,N,N,N
285,N,NA,NA,NA,NA,NA,NA,N,NA,N,N,N,N,N,N,NA,N,N,N,N,NA,parmentieri_clade,N,N,N,N,N,N,N,N,N,N,N
286,N,NA,NA,NA,NA,NA,NA,N,NA,N,N,N,N,N,N,NA,N,N,N,N,NA,parmentieri_clade,N,N,N,N,N,N,N,N,N,N,N
287,N,NA,NA,NA,NA,NA,NA,N,NA,N,N,N,N,N,N,NA,N,N,N,N,NA,parmentieri_clade,N,N,N,N,N,N,N,N,N,N,N
288,N,NA,NA,NA,NA,NA,NA,N,NA,N,N,N,N,N,N,NA,N,N,N,N,NA,parmentieri_clade,N,N,N,N,N,N,N,N,N,N,N
289,N,NA,NA,NA,NA,NA,NA,N,NA,N,N,N,N,N,N,NA,N,N,N,N,NA,parmentieri_clade,N,N,N,N,N,N,N,N,N,N,N
290,N,NA,NA,NA,NA,NA,NA,N,NA,N,N,N,N,N,N,NA,N,N,N,N,NA,parmentieri_clade,N,N,N,N,N,N,N,N,N,N,N
291,N,NA,NA,NA,NA,NA,NA,N,NA,N,N,N,N,N,N,NA,N,N,N,N,NA,parmentieri_clade,N,N,N,N,N,N,N,N,N,N,N
292,N,NA,NA,NA,NA,NA,NA,N,NA,N,N,N,N,N,N,NA,N,N,N,N,NA,parmentieri_clade,N,N,N,N,N,N,N,N,N,N,N
293,N,NA,NA,NA,NA,NA,NA,N,NA,N,N,N,N,N,N,NA,N,N,N,N,NA,parmentieri_clade,N,N,N,N,N,N,N,N,N,N,N
294,N,NA,NA,NA,NA,NA,NA,N,NA,N,N,N,N,N,N,NA,N,N,N,N,NA,parmentieri_clade,N,N,N,N,N,N,N,N,N,N,N
295,N,NA,NA,NA,NA,NA,NA,N,NA,N,N,N,versatile_clade,versatile_clade2,N,NA,N,N,N,N,NA,N,N,N,N,N,N,N,N,N,N,N,N
296,N,NA,NA,NA,NA,NA,NA,N,NA,N,N,N,N,N,carotovorum_clade,N,N,N,N,N,NA,N,N,N,N,N,N,N,N,N,N,N,N
297,brasiliense_clade,virulent_Pbrasiliense,N,assay_TP_vs_Pbr,assay_TP_vs_avirulent_Pbr,N,NL_Pbr_vs_Pbr,N,NA,N,N,N,N,N,N,NA,N,N,N,N,NA,N,N,N,N,N,N,N,N,N,N,N,N
298,N,NA,NA,NA,NA,NA,NA,N,NA,N,N,N,versatile_clade,versatile_clade2,N,NA,N,N,N,N,NA,N,N,N,N,N,N,N,N,N,N,N,N
299,brasiliense_clade,N,N,N,N,NA,NL_Pbr_vs_Pbr,N,NA,N,N,N,N,N,N,NA,N,N,N,N,NA,N,N,N,N,N,N,N,N,N,N,N,N
300,N,NA,NA,NA,NA,NA,NA,polaris_clade,N,N,N,N,N,N,N,NA,N,N,N,N,NA,N,N,N,N,N,N,N,N,N,N,N,N
301,N,NA,NA,NA,NA,NA,NA,N,NA,N,N,N,versatile_clade,versatile_clade2,N,NA,N,N,N,N,NA,N,N,N,N,N,N,N,N,N,N,N,N
302,brasiliense_clade,virulent_Pbrasiliense,N,assay_TP_vs_Pbr,assay_TP_vs_avirulent_Pbr,N,NL_Pbr_vs_Pbr,N,NA,N,N,N,N,N,N,NA,N,N,N,N,NA,N,N,N,N,N,N,N,N,N,N,N,N
303,N,NA,NA,NA,NA,NA,NA,N,NA,N,N,N,versatile_clade,versatile_clade2,N,NA,N,N,N,N,NA,N,N,N,N,N,N,N,N,N,N,N,N
304,N,NA,NA,NA,NA,NA,NA,N,NA,N,N,N,versatile_clade,versatile_clade2,N,NA,N,N,N,N,NA,N,N,N,N,N,N,N,N,N,N,N,N
305,N,NA,NA,NA,NA,NA,NA,N,NA,N,N,N,N,N,N,NA,N,N,N,N,NA,N,N,N,N,N,peruviense_clade,N,N,N,N,N,N
306,N,NA,NA,NA,NA,NA,NA,N,NA,N,N,N,N,N,N,NA,N,N,N,N,NA,N,N,N,N,N,peruviense_clade,N,N,N,N,N,N
307,brasiliense_clade,N,N,N,N,NA,N,N,NA,N,N,N,N,N,N,NA,N,N,N,N,NA,N,N,N,N,N,N,N,N,N,N,N,N
308,brasiliense_clade,N,N,N,N,NA,NL_Pbr_vs_Pbr,N,NA,N,N,N,N,N,N,NA,N,N,N,N,NA,N,N,N,N,N,N,N,N,N,N,N,N
309,N,NA,NA,NA,NA,NA,NA,N,NA,N,N,N,N,N,N,NA,N,N,N,N,NA,parmentieri_clade,N,N,N,N,N,N,N,N,N,N,N
310,N,NA,NA,NA,NA,NA,NA,N,NA,N,N,N,versatile_clade,versatile_clade2,N,NA,N,N,N,N,NA,N,N,N,N,N,N,N,N,N,N,N,N
311,N,NA,NA,NA,NA,NA,NA,N,NA,N,N,N,N,N,N,NA,N,N,N,N,NA,N,N,N,N,atrosepticum_clade,N,N,N,N,N,N,N
312,N,NA,NA,NA,NA,NA,NA,polaris_clade,N,N,N,N,N,N,N,NA,N,N,N,N,NA,N,N,N,N,N,N,N,N,N,N,N,N
313,N,NA,NA,NA,NA,NA,NA,N,NA,N,N,N,versatile_clade,versatile_clade2,N,NA,N,N,N,N,NA,N,N,N,N,N,N,N,N,N,N,N,N
314,N,NA,NA,NA,NA,NA,NA,N,NA,N,N,N,N,N,N,NA,N,N,N,N,NA,N,N,punjabense_clade,N,N,N,N,N,N,N,N,N
315,N,NA,NA,NA,NA,NA,NA,N,NA,N,N,N,versatile_clade,versatile_clade2,N,NA,N,N,N,N,NA,N,N,N,N,N,N,N,N,N,N,N,N
316,brasiliense_clade,N,N,N,N,NA,NL_Pbr_vs_Pbr,N,NA,N,N,N,N,N,N,NA,N,N,N,N,NA,N,N,N,N,N,N,N,N,N,N,N,N
317,brasiliense_clade,N,N,N,N,NA,NL_Pbr_vs_Pbr,N,NA,N,N,N,N,N,N,NA,N,N,N,N,NA,N,N,N,N,N,N,N,N,N,N,N,N
318,N,NA,NA,NA,NA,NA,NA,N,NA,N,N,N,versatile_clade,versatile_clade2,N,NA,N,N,N,N,NA,N,N,N,N,N,N,N,N,N,N,N,N
319,N,NA,NA,NA,NA,NA,NA,N,NA,N,N,N,versatile_clade,versatile_clade2,N,NA,N,N,N,N,NA,N,N,N,N,N,N,N,N,N,N,N,N
320,N,NA,NA,NA,NA,NA,NA,N,NA,N,N,N,versatile_clade,versatile_clade2,N,NA,N,N,N,N,NA,N,N,N,N,N,N,N,N,N,N,N,N
321,N,NA,NA,NA,NA,NA,NA,N,NA,N,N,N,versatile_clade,versatile_clade2,N,NA,N,N,N,N,NA,N,N,N,N,N,N,N,N,N,N,N,N
322,N,NA,NA,NA,NA,NA,NA,N,NA,N,N,N,N,N,N,NA,N,N,N,N,NA,N,N,N,N,atrosepticum_clade,N,N,N,N,N,N,N
323,N,NA,NA,NA,NA,NA,NA,N,NA,N,N,N,N,N,N,NA,odoriferum_clade,N,N,N,NA,N,N,N,N,N,N,N,N,N,N,N,N
324,N,NA,NA,NA,NA,NA,NA,N,NA,N,N,N,N,N,N,NA,odoriferum_clade,N,N,N,NA,N,N,N,N,N,N,N,N,N,N,N,N
325,N,NA,NA,NA,NA,NA,NA,N,NA,N,N,N,N,N,N,NA,odoriferum_clade,N,N,N,NA,N,N,N,N,N,N,N,N,N,N,N,N
326,N,NA,NA,NA,NA,NA,NA,N,NA,N,N,N,N,N,N,NA,odoriferum_clade,N,N,N,NA,N,N,N,N,N,N,N,N,N,N,N,N
327,N,NA,NA,NA,NA,NA,NA,N,NA,N,N,N,N,N,N,NA,odoriferum_clade,N,N,N,NA,N,N,N,N,N,N,N,N,N,N,N,N
328,N,NA,NA,NA,NA,NA,NA,N,NA,N,N,N,N,N,N,NA,odoriferum_clade,N,N,N,NA,N,N,N,N,N,N,N,N,N,N,N,N
329,N,NA,NA,NA,NA,NA,NA,N,NA,N,N,N,N,N,N,NA,odoriferum_clade,N,N,N,NA,N,N,N,N,N,N,N,N,N,N,N,N
330,N,NA,NA,NA,NA,NA,NA,N,NA,N,N,N,N,N,N,NA,odoriferum_clade,N,N,N,NA,N,N,N,N,N,N,N,N,N,N,N,N
331,N,NA,NA,NA,NA,NA,NA,N,NA,N,N,N,N,N,N,NA,odoriferum_clade,N,N,N,NA,N,N,N,N,N,N,N,N,N,N,N,N
332,N,NA,NA,NA,NA,NA,NA,N,NA,N,N,N,N,N,N,NA,odoriferum_clade,N,N,N,NA,N,N,N,N,N,N,N,N,N,N,N,N
333,N,NA,NA,NA,NA,NA,NA,N,NA,N,N,N,N,N,N,NA,odoriferum_clade,N,N,N,NA,N,N,N,N,N,N,N,N,N,N,N,N
334,N,NA,NA,NA,NA,NA,NA,N,NA,N,N,N,N,N,N,NA,odoriferum_clade,N,N,N,NA,N,N,N,N,N,N,N,N,N,N,N,N
335,N,NA,NA,NA,NA,NA,NA,N,NA,N,N,N,N,N,N,NA,N,N,N,N,NA,N,N,N,N,N,peruviense_clade,N,N,N,N,N,N
336,N,NA,NA,NA,NA,NA,NA,N,NA,N,N,N,N,N,N,NA,N,N,N,N,NA,N,N,N,N,atrosepticum_clade,N,N,N,N,N,N,N
337,brasiliense_clade,N,N,N,N,NA,NL_Pbr_vs_Pbr,N,NA,N,N,N,N,N,N,NA,N,N,N,N,NA,N,N,N,N,N,N,N,N,N,N,N,N
338,N,NA,NA,NA,NA,NA,NA,polaris_clade,N,N,N,N,N,N,N,NA,N,N,N,N,NA,N,N,N,N,N,N,N,N,N,N,N,N
339,N,NA,NA,NA,NA,NA,NA,polaris_clade,N,N,N,N,N,N,N,NA,N,N,N,N,NA,N,N,N,N,N,N,N,N,N,N,N,N
340,brasiliense_clade,N,N,N,N,NA,NL_Pbr_vs_Pbr,N,NA,N,N,N,N,N,N,NA,N,N,N,N,NA,N,N,N,N,N,N,N,N,N,N,N,N
341,brasiliense_clade,N,N,N,N,NA,N,N,NA,N,N,N,N,N,N,NA,N,N,N,N,NA,N,N,N,N,N,N,N,N,N,N,N,N
342,brasiliense_clade,N,N,N,N,NA,NL_Pbr_vs_Pbr,N,NA,N,N,N,N,N,N,NA,N,N,N,N,NA,N,N,N,N,N,N,N,N,N,N,N,N
343,N,NA,NA,NA,NA,NA,NA,N,NA,N,N,N,N,N,N,NA,N,actinidiae_clade,N,N,NA,N,N,N,N,N,N,N,N,N,N,N,N
344,N,NA,NA,NA,NA,NA,NA,N,NA,N,N,N,N,N,N,NA,N,actinidiae_clade,N,N,NA,N,N,N,N,N,N,N,N,N,N,N,N
345,brasiliense_clade,N,N,N,N,NA,NL_Pbr_vs_Pbr,N,NA,N,N,N,N,N,N,NA,N,N,N,N,NA,N,N,N,N,N,N,N,N,N,N,N,N
346,N,NA,NA,NA,NA,NA,NA,N,NA,N,N,N,N,N,carotovorum_clade,N,N,N,N,N,NA,N,N,N,N,N,N,N,N,N,N,N,N
347,N,NA,NA,NA,NA,NA,NA,N,NA,N,N,N,N,N,N,NA,N,N,N,N,NA,parmentieri_clade,N,N,N,N,N,N,N,N,N,N,N
348,N,NA,NA,NA,NA,NA,NA,N,NA,N,N,N,N,N,N,NA,N,N,N,N,NA,N,N,N,N,atrosepticum_clade,N,N,N,N,N,N,N
349,N,NA,NA,NA,NA,NA,NA,polaris_clade,N,N,N,N,N,N,N,NA,N,N,N,N,NA,N,N,N,N,N,N,N,N,N,N,N,N
350,N,NA,NA,NA,NA,NA,NA,N,NA,N,N,N,N,N,N,NA,N,N,N,N,NA,parmentieri_clade,N,N,N,N,N,N,N,N,N,N,N
351,N,NA,NA,NA,NA,NA,NA,N,NA,N,N,N,N,N,N,NA,N,N,N,N,NA,N,wasabiae_clade,N,N,N,N,N,N,N,N,N,N
352,brasiliense_clade,N,N,N,N,NA,N,N,NA,N,N,N,N,N,N,NA,N,N,N,N,NA,N,N,N,N,N,N,N,N,N,N,N,N
353,brasiliense_clade,N,N,N,N,NA,NL_Pbr_vs_Pbr,N,NA,N,N,N,N,N,N,NA,N,N,N,N,NA,N,N,N,N,N,N,N,N,N,N,N,N
354,N,NA,NA,NA,NA,NA,NA,N,NA,N,N,N,N,N,carotovorum_clade,N,N,N,N,N,NA,N,N,N,N,N,N,N,N,N,N,N,N
355,N,NA,NA,NA,NA,NA,NA,N,NA,N,N,N,N,N,N,NA,N,N,N,N,NA,N,N,N,N,N,peruviense_clade,N,N,N,N,N,N
356,brasiliense_clade,N,N,N,N,NA,N,N,NA,N,N,N,N,N,N,NA,N,N,N,N,NA,N,N,N,N,N,N,N,N,N,N,N,N
357,brasiliense_clade,N,N,N,N,NA,NL_Pbr_vs_Pbr,N,NA,N,N,N,N,N,N,NA,N,N,N,N,NA,N,N,N,N,N,N,N,N,N,N,N,N
358,brasiliense_clade,N,N,N,N,NA,NL_Pbr_vs_Pbr,N,NA,N,N,N,N,N,N,NA,N,N,N,N,NA,N,N,N,N,N,N,N,N,N,N,N,N
359,brasiliense_clade,N,N,N,N,NA,NL_Pbr_vs_Pbr,N,NA,N,N,N,N,N,N,NA,N,N,N,N,NA,N,N,N,N,N,N,N,N,N,N,N,N
360,brasiliense_clade,N,N,N,N,NA,NL_Pbr_vs_Pbr,N,NA,N,N,N,N,N,N,NA,N,N,N,N,NA,N,N,N,N,N,N,N,N,N,N,N,N
361,N,NA,NA,NA,NA,NA,NA,N,NA,N,N,N,N,N,carotovorum_clade,N,N,N,N,N,NA,N,N,N,N,N,N,N,N,N,N,N,N
362,N,NA,NA,NA,NA,NA,NA,N,NA,N,N,N,N,N,carotovorum_clade,N,N,N,N,N,NA,N,N,N,N,N,N,N,N,N,N,N,N
363,N,NA,NA,NA,NA,NA,NA,N,NA,N,N,N,N,N,carotovorum_clade,N,N,N,N,N,NA,N,N,N,N,N,N,N,N,N,N,N,N
364,brasiliense_clade,N,N,N,N,NA,NL_Pbr_vs_Pbr,N,NA,N,N,N,N,N,N,NA,N,N,N,N,NA,N,N,N,N,N,N,N,N,N,N,N,N
365,N,NA,NA,NA,NA,NA,NA,N,NA,N,N,N,N,N,carotovorum_clade,N,N,N,N,N,NA,N,N,N,N,N,N,N,N,N,N,N,N
366,brasiliense_clade,N,N,N,N,NA,NL_Pbr_vs_Pbr,N,NA,N,N,N,N,N,N,NA,N,N,N,N,NA,N,N,N,N,N,N,N,N,N,N,N,N
367,brasiliense_clade,N,N,N,N,NA,NL_Pbr_vs_Pbr,N,NA,N,N,N,N,N,N,NA,N,N,N,N,NA,N,N,N,N,N,N,N,N,N,N,N,N
368,brasiliense_clade,N,N,N,N,NA,NL_Pbr_vs_Pbr,N,NA,N,N,N,N,N,N,NA,N,N,N,N,NA,N,N,N,N,N,N,N,N,N,N,N,N
369,brasiliense_clade,N,N,N,N,NA,NL_Pbr_vs_Pbr,N,NA,N,N,N,N,N,N,NA,N,N,N,N,NA,N,N,N,N,N,N,N,N,N,N,N,N
370,brasiliense_clade,N,N,N,N,NA,NL_Pbr_vs_Pbr,N,NA,N,N,N,N,N,N,NA,N,N,N,N,NA,N,N,N,N,N,N,N,N,N,N,N,N
371,brasiliense_clade,N,N,N,N,NA,NL_Pbr_vs_Pbr,N,NA,N,N,N,N,N,N,NA,N,N,N,N,NA,N,N,N,N,N,N,N,N,N,N,N,N
372,brasiliense_clade,N,N,N,N,NA,NL_Pbr_vs_Pbr,N,NA,N,N,N,N,N,N,NA,N,N,N,N,NA,N,N,N,N,N,N,N,N,N,N,N,N
373,brasiliense_clade,N,N,N,N,NA,NL_Pbr_vs_Pbr,N,NA,N,N,N,N,N,N,NA,N,N,N,N,NA,N,N,N,N,N,N,N,N,N,N,N,N
374,N,NA,NA,NA,NA,NA,NA,N,NA,N,N,N,N,N,N,NA,N,actinidiae_clade,N,N,NA,N,N,N,N,N,N,N,N,N,N,N,N
375,N,NA,NA,NA,NA,NA,NA,N,NA,N,N,N,N,N,N,NA,N,N,N,N,NA,N,N,N,N,N,N,N,N,N,fontis_genome,N,N
376,N,NA,NA,NA,NA,NA,NA,N,NA,N,N,N,N,N,N,NA,N,N,N,N,NA,parmentieri_clade,N,N,N,N,N,N,N,N,N,N,N
377,N,NA,NA,NA,NA,NA,NA,N,NA,N,N,N,N,N,N,NA,odoriferum_clade,N,N,N,NA,N,N,N,N,N,N,N,N,N,N,N,N
378,N,NA,NA,NA,NA,NA,NA,N,NA,N,N,N,N,N,N,NA,odoriferum_clade,N,N,N,NA,N,N,N,N,N,N,N,N,N,N,N,N
379,brasiliense_clade,N,N,N,N,NA,N,N,NA,N,N,N,N,N,N,NA,N,N,N,N,NA,N,N,N,N,N,N,N,N,N,N,N,N
380,brasiliense_clade,N,N,N,N,NA,N,N,NA,N,N,N,N,N,N,NA,N,N,N,N,NA,N,N,N,N,N,N,N,N,N,N,N,N
381,N,NA,NA,NA,NA,NA,NA,N,NA,N,N,N,N,N,N,NA,N,N,N,N,NA,N,wasabiae_clade,N,N,N,N,N,N,N,N,N,N
382,N,NA,NA,NA,NA,NA,NA,N,NA,N,N,N,N,N,N,NA,N,N,N,N,NA,N,N,N,N,atrosepticum_clade,N,N,N,N,N,N,N
383,N,NA,NA,NA,NA,NA,NA,N,NA,N,N,N,N,N,N,NA,N,N,N,N,NA,N,N,N,N,N,N,N,betavasculorum_clade,N,N,N,N
384,N,NA,NA,NA,NA,NA,NA,N,NA,parvum_clade,N,N,N,N,N,NA,N,N,N,N,NA,N,N,N,N,N,N,N,N,N,N,N,N
385,N,NA,NA,NA,NA,NA,NA,N,NA,N,N,N,N,N,N,NA,N,N,N,N,NA,N,N,N,N,atrosepticum_clade,N,N,N,N,N,N,N
386,N,NA,NA,NA,NA,NA,NA,N,NA,N,N,N,N,N,N,NA,N,N,N,N,NA,N,N,N,N,N,N,N,betavasculorum_clade,N,N,N,N
387,N,NA,NA,NA,NA,NA,NA,N,NA,N,N,N,N,N,N,NA,N,N,N,N,NA,N,wasabiae_clade,N,N,N,N,N,N,N,N,N,N
388,N,NA,NA,NA,NA,NA,NA,N,NA,N,N,N,N,N,carotovorum_clade,N,N,N,N,N,NA,N,N,N,N,N,N,N,N,N,N,N,N
389,N,NA,NA,NA,NA,NA,NA,N,NA,N,N,N,N,N,N,NA,N,N,N,N,NA,N,N,N,N,atrosepticum_clade,N,N,N,N,N,N,N
390,brasiliense_clade,N,N,N,N,NA,NL_Pbr_vs_Pbr,N,NA,N,N,N,N,N,N,NA,N,N,N,N,NA,N,N,N,N,N,N,N,N,N,N,N,N
391,brasiliense_clade,N,N,N,N,NA,NL_Pbr_vs_Pbr,N,NA,N,N,N,N,N,N,NA,N,N,N,N,NA,N,N,N,N,N,N,N,N,N,N,N,N
392,N,NA,NA,NA,NA,NA,NA,N,NA,N,N,N,N,N,N,NA,N,N,N,N,NA,N,N,N,N,atrosepticum_clade,N,N,N,N,N,N,N
393,N,NA,NA,NA,NA,NA,NA,N,NA,N,N,N,N,N,N,NA,N,N,N,N,NA,parmentieri_clade,N,N,N,N,N,N,N,N,N,N,N
394,N,NA,NA,NA,NA,NA,NA,N,NA,N,N,N,N,N,N,NA,N,N,N,N,NA,parmentieri_clade,N,N,N,N,N,N,N,N,N,N,N
395,N,NA,NA,NA,NA,NA,NA,N,NA,N,N,N,N,N,N,NA,N,N,aroidearum_clade,N,N,N,N,N,N,N,N,N,N,N,N,N,N
396,N,NA,NA,NA,NA,NA,NA,N,NA,N,N,N,N,N,N,NA,N,N,N,N,NA,N,N,N,N,atrosepticum_clade,N,N,N,N,N,N,N
397,brasiliense_clade,virulent_Pbrasiliense,assay_FN,N,NA,assay_FN_vs_TP,NL_Pbr_vs_Pbr,N,NA,N,N,N,N,N,N,NA,N,N,N,N,NA,N,N,N,N,N,N,N,N,N,N,N,N
398,brasiliense_clade,virulent_Pbrasiliense,assay_FN,N,NA,assay_FN_vs_TP,NL_Pbr_vs_Pbr,N,NA,N,N,N,N,N,N,NA,N,N,N,N,NA,N,N,N,N,N,N,N,N,N,N,N,N
399,brasiliense_clade,virulent_Pbrasiliense,assay_FN,N,NA,assay_FN_vs_TP,NL_Pbr_vs_Pbr,N,NA,N,N,N,N,N,N,NA,N,N,N,N,NA,N,N,N,N,N,N,N,N,N,N,N,N
400,brasiliense_clade,virulent_Pbrasiliense,assay_FN,N,NA,assay_FN_vs_TP,NL_Pbr_vs_Pbr,N,NA,N,N,N,N,N,N,NA,N,N,N,N,NA,N,N,N,N,N,N,N,N,N,N,N,N
401,brasiliense_clade,virulent_Pbrasiliense,N,assay_TP_vs_Pbr,assay_TP_vs_avirulent_Pbr,N,NL_Pbr_vs_Pbr,N,NA,N,N,N,N,N,N,NA,N,N,N,N,NA,N,N,N,N,N,N,N,N,N,N,N,N
402,brasiliense_clade,virulent_Pbrasiliense,N,assay_TP_vs_Pbr,assay_TP_vs_avirulent_Pbr,N,NL_Pbr_vs_Pbr,N,NA,N,N,N,N,N,N,NA,N,N,N,N,NA,N,N,N,N,N,N,N,N,N,N,N,N
403,brasiliense_clade,virulent_Pbrasiliense,assay_FN,N,NA,assay_FN_vs_TP,NL_Pbr_vs_Pbr,N,NA,N,N,N,N,N,N,NA,N,N,N,N,NA,N,N,N,N,N,N,N,N,N,N,N,N
404,brasiliense_clade,virulent_Pbrasiliense,assay_FN,N,NA,assay_FN_vs_TP,NL_Pbr_vs_Pbr,N,NA,N,N,N,N,N,N,NA,N,N,N,N,NA,N,N,N,N,N,N,N,N,N,N,N,N
405,brasiliense_clade,virulent_Pbrasiliense,assay_FN,N,NA,assay_FN_vs_TP,NL_Pbr_vs_Pbr,N,NA,N,N,N,N,N,N,NA,N,N,N,N,NA,N,N,N,N,N,N,N,N,N,N,N,N
406,brasiliense_clade,virulent_Pbrasiliense,assay_FN,N,NA,assay_FN_vs_TP,NL_Pbr_vs_Pbr,N,NA,N,N,N,N,N,N,NA,N,N,N,N,NA,N,N,N,N,N,N,N,N,N,N,N,N
407,brasiliense_clade,virulent_Pbrasiliense,assay_FN,N,NA,assay_FN_vs_TP,NL_Pbr_vs_Pbr,N,NA,N,N,N,N,N,N,NA,N,N,N,N,NA,N,N,N,N,N,N,N,N,N,N,N,N
408,brasiliense_clade,virulent_Pbrasiliense,assay_FN,N,NA,assay_FN_vs_TP,NL_Pbr_vs_Pbr,N,NA,N,N,N,N,N,N,NA,N,N,N,N,NA,N,N,N,N,N,N,N,N,N,N,N,N
409,brasiliense_clade,virulent_Pbrasiliense,assay_FN,N,NA,assay_FN_vs_TP,NL_Pbr_vs_Pbr,N,NA,N,N,N,N,N,N,NA,N,N,N,N,NA,N,N,N,N,N,N,N,N,N,N,N,N
410,brasiliense_clade,N,N,N,N,NA,NL_Pbr_vs_Pbr,N,NA,N,N,N,N,N,N,NA,N,N,N,N,NA,N,N,N,N,N,N,N,N,N,N,N,N
411,brasiliense_clade,virulent_Pbrasiliense,N,assay_TP_vs_Pbr,assay_TP_vs_avirulent_Pbr,N,NL_Pbr_vs_Pbr,N,NA,N,N,N,N,N,N,NA,N,N,N,N,NA,N,N,N,N,N,N,N,N,N,N,N,N
412,brasiliense_clade,virulent_Pbrasiliense,assay_FN,N,NA,assay_FN_vs_TP,NL_Pbr_vs_Pbr,N,NA,N,N,N,N,N,N,NA,N,N,N,N,NA,N,N,N,N,N,N,N,N,N,N,N,N
413,brasiliense_clade,virulent_Pbrasiliense,N,assay_TP_vs_Pbr,assay_TP_vs_avirulent_Pbr,N,NL_Pbr_vs_Pbr,N,NA,N,N,N,N,N,N,NA,N,N,N,N,NA,N,N,N,N,N,N,N,N,N,N,N,N
414,brasiliense_clade,N,N,N,N,NA,NL_Pbr_vs_Pbr,N,NA,N,N,N,N,N,N,NA,N,N,N,N,NA,N,N,N,N,N,N,N,N,N,N,N,N
415,brasiliense_clade,virulent_Pbrasiliense,N,assay_TP_vs_Pbr,assay_TP_vs_avirulent_Pbr,N,NL_Pbr_vs_Pbr,N,NA,N,N,N,N,N,N,NA,N,N,N,N,NA,N,N,N,N,N,N,N,N,N,N,N,N
416,brasiliense_clade,N,N,N,N,NA,NL_Pbr_vs_Pbr,N,NA,N,N,N,N,N,N,NA,N,N,N,N,NA,N,N,N,N,N,N,N,N,N,N,N,N
417,brasiliense_clade,N,N,N,N,NA,NL_Pbr_vs_Pbr,N,NA,N,N,N,N,N,N,NA,N,N,N,N,NA,N,N,N,N,N,N,N,N,N,N,N,N
418,brasiliense_clade,virulent_Pbrasiliense,N,assay_TP_vs_Pbr,assay_TP_vs_avirulent_Pbr,N,NL_Pbr_vs_Pbr,N,NA,N,N,N,N,N,N,NA,N,N,N,N,NA,N,N,N,N,N,N,N,N,N,N,N,N
419,brasiliense_clade,N,N,N,N,NA,NL_Pbr_vs_Pbr,N,NA,N,N,N,N,N,N,NA,N,N,N,N,NA,N,N,N,N,N,N,N,N,N,N,N,N
420,N,NA,NA,NA,NA,NA,NA,N,NA,N,N,N,N,N,carotovorum_clade,N,N,N,N,N,NA,N,N,N,N,N,N,N,N,N,N,N,N
421,N,NA,NA,NA,NA,NA,NA,N,NA,N,N,N,N,N,N,NA,N,N,N,new_species_clade,new_species_vs_aroidearum,N,N,N,N,N,N,N,N,N,N,N,N
422,N,NA,NA,NA,NA,NA,NA,N,NA,N,N,N,N,N,N,NA,odoriferum_clade,N,N,N,NA,N,N,N,N,N,N,N,N,N,N,N,N
423,N,NA,NA,NA,NA,NA,NA,N,NA,N,N,N,N,N,N,NA,N,N,N,N,NA,N,N,N,polonicum_clade,N,N,N,N,N,N,N,N
424,N,NA,NA,NA,NA,NA,NA,N,NA,N,N,N,versatile_clade,versatile_clade2,N,NA,N,N,N,N,NA,N,N,N,N,N,N,N,N,N,N,N,N
425,N,NA,NA,NA,NA,NA,NA,N,NA,N,N,N,N,N,N,NA,N,N,aroidearum_clade,N,N,N,N,N,N,N,N,N,N,N,N,N,N
426,brasiliense_clade,N,N,N,N,NA,NL_Pbr_vs_Pbr,N,NA,N,N,N,N,N,N,NA,N,N,N,N,NA,N,N,N,N,N,N,N,N,N,N,N,N
427,brasiliense_clade,N,N,N,N,NA,NL_Pbr_vs_Pbr,N,NA,N,N,N,N,N,N,NA,N,N,N,N,NA,N,N,N,N,N,N,N,N,N,N,N,N
428,N,NA,NA,NA,NA,NA,NA,N,NA,N,N,N,N,N,N,NA,N,N,N,N,NA,N,N,punjabense_clade,N,N,N,N,N,N,N,N,N
429,brasiliense_clade,N,N,N,N,NA,NL_Pbr_vs_Pbr,N,NA,N,N,N,N,N,N,NA,N,N,N,N,NA,N,N,N,N,N,N,N,N,N,N,N,N
430,N,NA,NA,NA,NA,NA,NA,N,NA,N,N,N,N,N,N,NA,N,N,N,N,NA,parmentieri_clade,N,N,N,N,N,N,N,N,N,N,N
431,N,NA,NA,NA,NA,NA,NA,N,NA,N,N,N,N,N,N,NA,N,N,N,new_species_clade,new_species_vs_aroidearum,N,N,N,N,N,N,N,N,N,N,N,N
432,N,NA,NA,NA,NA,NA,NA,N,NA,N,N,N,N,N,N,NA,odoriferum_clade,N,N,N,NA,N,N,N,N,N,N,N,N,N,N,N,N
433,brasiliense_clade,N,N,N,N,NA,NL_Pbr_vs_Pbr,N,NA,N,N,N,N,N,N,NA,N,N,N,N,NA,N,N,N,N,N,N,N,N,N,N,N,N
434,N,NA,NA,NA,NA,NA,NA,N,NA,N,N,N,N,N,N,NA,odoriferum_clade,N,N,N,NA,N,N,N,N,N,N,N,N,N,N,N,N
435,N,NA,NA,NA,NA,NA,NA,N,NA,N,N,N,N,N,N,NA,N,N,aroidearum_clade,N,N,N,N,N,N,N,N,N,N,N,N,N,N
436,N,NA,NA,NA,NA,NA,NA,N,NA,N,N,N,versatile_clade,versatile_clade2,N,NA,N,N,N,N,NA,N,N,N,N,N,N,N,N,N,N,N,N
437,N,NA,NA,NA,NA,NA,NA,N,NA,N,N,N,N,N,N,NA,N,N,aroidearum_clade,N,N,N,N,N,N,N,N,N,N,N,N,N,N
438,brasiliense_clade,N,N,N,N,NA,NL_Pbr_vs_Pbr,N,NA,N,N,N,N,N,N,NA,N,N,N,N,NA,N,N,N,N,N,N,N,N,N,N,N,N
439,brasiliense_clade,N,N,N,N,NA,NL_Pbr_vs_Pbr,N,NA,N,N,N,N,N,N,NA,N,N,N,N,NA,N,N,N,N,N,N,N,N,N,N,N,N
440,N,NA,NA,NA,NA,NA,NA,N,NA,N,N,N,N,N,N,NA,N,N,N,N,NA,N,N,N,N,N,N,zantedeschiae_clade,N,N,N,N,N
441,N,NA,NA,NA,NA,NA,NA,N,NA,N,N,N,N,N,N,NA,N,N,aroidearum_clade,N,N,N,N,N,N,N,N,N,N,N,N,N,N
442,N,NA,NA,NA,NA,NA,NA,N,NA,N,N,N,N,N,N,NA,N,N,N,new_species_clade,new_species_vs_aroidearum,N,N,N,N,N,N,N,N,N,N,N,N
443,N,NA,NA,NA,NA,NA,NA,polaris_clade,N,N,N,N,N,N,N,NA,N,N,N,N,NA,N,N,N,N,N,N,N,N,N,N,N,N
444,N,NA,NA,NA,NA,NA,NA,N,NA,N,N,N,N,N,N,NA,N,N,N,new_species_clade,new_species_vs_aroidearum,N,N,N,N,N,N,N,N,N,N,N,N
445,N,NA,NA,NA,NA,NA,NA,N,NA,N,N,N,N,N,N,NA,N,N,aroidearum_clade,N,N,N,N,N,N,N,N,N,N,N,N,N,N
446,N,NA,NA,NA,NA,NA,NA,N,polaris_outlier_cmp,N,N,N,N,N,N,NA,N,N,N,N,NA,N,N,N,N,N,N,N,N,N,N,N,N
447,N,NA,NA,NA,NA,NA,NA,N,NA,N,N,N,versatile_clade,versatile_clade2,N,NA,N,N,N,N,NA,N,N,N,N,N,N,N,N,N,N,N,N
448,N,NA,NA,NA,NA,NA,NA,N,NA,N,N,N,versatile_clade,versatile_clade2,N,NA,N,N,N,N,NA,N,N,N,N,N,N,N,N,N,N,N,N
449,N,NA,NA,NA,NA,NA,NA,N,NA,N,N,N,N,N,N,NA,N,actinidiae_clade,N,N,NA,N,N,N,N,N,N,N,N,N,N,N,N
450,N,NA,NA,NA,NA,NA,NA,N,NA,N,N,N,N,N,N,NA,N,N,aroidearum_clade,N,N,N,N,N,N,N,N,N,N,N,N,N,N
451,N,NA,NA,NA,NA,NA,NA,N,NA,N,N,N,N,N,N,NA,N,N,N,N,NA,N,N,N,N,N,N,N,N,cacticida_genome,N,N,N
452,N,NA,NA,NA,NA,NA,NA,N,NA,N,N,N,N,N,N,NA,N,N,N,N,NA,parmentieri_clade,N,N,N,N,N,N,N,N,N,N,N
453,N,NA,NA,NA,NA,NA,NA,N,NA,parvum_clade,N,N,N,N,N,NA,N,N,N,N,NA,N,N,N,N,N,N,N,N,N,N,N,N
454,N,NA,NA,NA,NA,NA,NA,polaris_clade,N,N,N,N,N,N,N,NA,N,N,N,N,NA,N,N,N,N,N,N,N,N,N,N,N,N
